Last Name,First Name,ORCID,Affiliation,ISSN
Orsavová,Jana,https://orcid.org/0000-0003-0396-959X,Tomas Bata University in Zlín,1422-0067
Mišurcová,Ladislava,https://orcid.org/0000-0002-2943-3569,Tomas Bata University in Zlín,1422-0067
Ambrožová,Jarmila Vávra,NONE,Tomas Bata University in Zlín,1422-0067
Vícha,Robert,https://orcid.org/0000-0002-5229-9863,Tomas Bata University in Zlín,1422-0067
Mlček,Jiří­,https://orcid.org/0000-0002-5753-8560,Tomas Bata University in Zlín,1422-0067
Roland,Laura,NONE,University of Veterinary Medicine Hannover Foundation; University of Rostock,1422-0067
Grau,Michael,NONE,University of Veterinary Medicine Hannover Foundation; University of Rostock,1422-0067
Matena,Julia,NONE,University of Veterinary Medicine Hannover Foundation,1422-0067
Teske,Michael,https://orcid.org/0000-0002-2384-0534,University of Rostock,1422-0067
Gieseke,Matthias,NONE,Laser Zentrum Hannover,1422-0067
Kampmann,Andreas,https://orcid.org/0000-0003-1904-5965,Medizinische Hochschule Hannover,1422-0067
Beyerbach,Martin,NONE,University of Veterinary Medicine Hannover Foundation,1422-0067
Escobar,Hugo Murua,https://orcid.org/0000-0001-7123-7986,University of Veterinary Medicine Hannover Foundation; University of Rostock,1422-0067
Haferkamp,H.,NONE,Leibniz University Hannover,1422-0067
Gellrich,Nils‐Claudius,https://orcid.org/0000-0002-8800-4596,Medizinische Hochschule Hannover,1422-0067
Nölte,Ingo,https://orcid.org/0000-0003-4577-3739,University of Veterinary Medicine Hannover Foundation,1422-0067
Tsouko,Erminta,https://orcid.org/0000-0002-8700-5503,Agricultural University of Athens,1422-0067
Kourmentza,Konstantina,https://orcid.org/0000-0002-2750-8539,Universidade Nova de Lisboa; University of Lisbon,1422-0067
Ladakis,Dimitrios,https://orcid.org/0000-0002-5100-5528,Agricultural University of Athens,1422-0067
Kopsahelis,Nikolaos,https://orcid.org/0000-0002-1861-0208,Agricultural University of Athens,1422-0067
Mandala,Ioanna,https://orcid.org/0000-0003-2828-1329,Agricultural University of Athens,1422-0067
Papanikolaou,Séraphim,https://orcid.org/0000-0003-1307-7755,Agricultural University of Athens,1422-0067
Paloukis,Fotis,NONE,Foundation for Research and Technology Hellas,1422-0067
Alves,Vítor D.,https://orcid.org/0000-0002-4117-5582,University of Lisbon,1422-0067
Koutinas,Apostolis,https://orcid.org/0000-0001-5245-3157,Agricultural University of Athens,1422-0067
Rosenzweig,Derek H.,https://orcid.org/0000-0002-6593-8177,McGill University,1422-0067
Carelli,Eric,NONE,McGill University,1422-0067
Steffen,Thomas,https://orcid.org/0000-0001-9374-5703,McGill University,1422-0067
Jarzem,Peter,NONE,McGill University,1422-0067
Haglund,Lisbet,https://orcid.org/0000-0002-1288-2149,McGill University; Montreal General Hospital; McGill University Health Centre,1422-0067
Janke,Leandro,https://orcid.org/0000-0003-3285-4388,University of Rostock,1422-0067
Leite,Athaydes F.,NONE,Helmholtz Centre for Environmental Research,1422-0067
Nikolausz,Marcell,https://orcid.org/0000-0003-2858-9972,Helmholtz Centre for Environmental Research,1422-0067
Schmidt,Thomas,https://orcid.org/0000-0001-7259-415X,Deutsches Biomasseforschungszentrum,1422-0067
Liebetrau,Jan,NONE,Deutsches Biomasseforschungszentrum,1422-0067
Nelles,Michael,NONE,University of Rostock,1422-0067
Stinner,Walter,NONE,Deutsches Biomasseforschungszentrum,1422-0067
Diaconeasa,Zoriţa,https://orcid.org/0000-0002-5325-3859,University of Agricultural Sciences and Veterinary Medicine of Cluj-Napoca,1422-0067
Leopold,Loredana,https://orcid.org/0000-0002-8084-1998,University of Agricultural Sciences and Veterinary Medicine of Cluj-Napoca,1422-0067
Ruginǎ,Dumitriţa,https://orcid.org/0000-0003-4881-3273,University of Agricultural Sciences and Veterinary Medicine of Cluj-Napoca,1422-0067
Ayvaz,Hüseyin,https://orcid.org/0000-0001-9705-6921,Çanakkale Onsekiz Mart Üniversitesi,1422-0067
Socaciu,Carmen,https://orcid.org/0000-0002-7352-5057,University of Agricultural Sciences and Veterinary Medicine of Cluj-Napoca,1422-0067
Siddiqui,Manzer H.,https://orcid.org/0000-0003-2840-4608,King Saud University,1422-0067
Al-Khaishany,Mutahhar Y.,NONE,King Saud University,1422-0067
Al-Qutami,Mohammed A.,NONE,King Saud University,1422-0067
Al‐Whaibi,Mohamed H.,NONE,King Saud University,1422-0067
Grover,Anil,https://orcid.org/0000-0001-9999-6837,University of Delhi,1422-0067
Ali,Hayssam M.,https://orcid.org/0000-0001-6801-4263,King Saud University,1422-0067
Al-Wahibi,Mona Suliman,NONE,King Saud University,1422-0067
Bukhari,Najat A.,https://orcid.org/0000-0003-1609-4235,King Saud University,1422-0067
Leone,Alessandro,https://orcid.org/0000-0001-8063-8490,University of Milan,1422-0067
Fiorillo,Giovanni,NONE,University of Milan,1422-0067
Criscuoli,Franca,https://orcid.org/0009-0009-1445-332X,University of Milan,1422-0067
Ravasenghi,Stefano,NONE,University of Milan,1422-0067
Santagostini,Laura,https://orcid.org/0000-0002-1824-1617,University of Milan,1422-0067
Fico,Gelsomina,https://orcid.org/0000-0003-0179-3383,University of Milan,1422-0067
Spadafranca,Angela,NONE,University of Milan,1422-0067
Battezzati,Alberto,https://orcid.org/0000-0003-4134-0557,University of Milan,1422-0067
Schiraldi,Alberto,https://orcid.org/0000-0003-3585-6100,University of Milan,1422-0067
Pozzi,Federica,https://orcid.org/0000-0002-8174-2684,NONE,1422-0067
Lello,Sara di,NONE,NONE,1422-0067
Filippini,Sandro,NONE,Fondazione Italiana di Ricerca per la Sclerosi Laterale Amiotrofica,1422-0067
Bertoli,Simona,https://orcid.org/0000-0001-5867-8074,University of Milan,1422-0067
Sicaire,Anne‐Gaëlle,NONE,Université d'Avignon et des Pays de Vaucluse; Groupe de Recherche Clinique en Neuro-urologie,1422-0067
Vian,Maryline Abert,https://orcid.org/0000-0002-3306-1403,Université d'Avignon et des Pays de Vaucluse; Groupe de Recherche Clinique en Neuro-urologie,1422-0067
Fine,Frédéric,NONE,Centre Technique Interprofessionnel des Oléagineux Métropolitains,1422-0067
Joffre,Florent,https://orcid.org/0000-0002-5028-5302,Institut des Corps Gras,1422-0067
Carré,Patrick,https://orcid.org/0000-0002-4923-1745,NONE,1422-0067
Tostain,Sylvain,NONE,NONE,1422-0067
Chemat,Farid,NONE,Groupe de Recherche Clinique en Neuro-urologie; Université d'Avignon et des Pays de Vaucluse,1422-0067
Feng,Jiao,https://orcid.org/0000-0001-5344-7242,Shanghai First People's Hospital; Shanghai Jiao Tong University,1422-0067
Hu,Hai,https://orcid.org/0000-0001-5345-8371,Shanghai Institute of Hematology; Shanghai Jiao Tong University; Shanghai First People's Hospital,1422-0067
Han,Ting,https://orcid.org/0000-0003-4365-0479,Shanghai Jiao Tong University; Shanghai First People's Hospital,1422-0067
Yuan,Cuncun,NONE,Shanghai First People's Hospital; Shanghai Jiao Tong University,1422-0067
Wang,Lei,https://orcid.org/0000-0002-4721-7907,Shanghai Jiao Tong University; Shanghai First People's Hospital,1422-0067
Jin,Ziliang,NONE,NONE,1422-0067
Guo,Zhen,https://orcid.org/0000-0003-4875-5149,NONE,1422-0067
Wang,Liwei,NONE,Shanghai First People's Hospital; Shanghai Jiao Tong University,1422-0067
Zhang,Zhiyi,https://orcid.org/0000-0001-9118-4092,North University of China,1422-0067
Zhang,Wenhui,https://orcid.org/0009-0007-7106-2945,North University of China,1422-0067
Li,Diansen,https://orcid.org/0000-0001-8283-0056,Beihang University,1422-0067
Sun,Youyi,https://orcid.org/0000-0003-2736-275X,North University of China,1422-0067
Wang,Zhuo,https://orcid.org/0000-0003-4436-9689,North University of China,1422-0067
Hou,Chunling,NONE,North University of China,1422-0067
Chen,Lu,https://orcid.org/0000-0001-9222-8923,Nanjing Agricultural University,1422-0067
Cao,Yang,https://orcid.org/0000-0002-4481-4909,North University of China,1422-0067
Liu,Yaqing,https://orcid.org/0000-0002-2643-5139,North University of China,1422-0067
Burke,David J.,https://orcid.org/0000-0003-1774-1617,NONE,1422-0067
Pietrasiak,Nicole,https://orcid.org/0000-0003-4636-8006,NONE,1422-0067
Situ,Shu F.,NONE,Case Western Reserve University,1422-0067
Abenojar,Eric,https://orcid.org/0000-0002-2733-4006,Case Western Reserve University,1422-0067
Porche,Mya,NONE,Case Western Reserve University,1422-0067
Kraj,Pawel,https://orcid.org/0000-0002-6709-3040,Case Western Reserve University; Mercer University,1422-0067
Lakliang,Yutthana,https://orcid.org/0000-0003-4039-1440,Case Western Reserve University,1422-0067
Samia,Anna Cristina S.,https://orcid.org/0000-0002-8871-3851,Case Western Reserve University,1422-0067
Karmee,Sanjib Kumar,https://orcid.org/0000-0002-0989-3648,City University of Hong Kong,1422-0067
Patria,Raffel Dharma,https://orcid.org/0000-0002-1070-5069,Hong Kong University of Science and Technology; University of Hong Kong,1422-0067
Lin,Carol Sze Ki,https://orcid.org/0000-0002-8493-4307,City University of Hong Kong,1422-0067
Phillips,Michelle,https://orcid.org/0000-0003-0933-3621,University of Bristol,1422-0067
Childs,Caroline E.,https://orcid.org/0000-0001-6832-224X,University of Southampton,1422-0067
Calder,Philip C.,https://orcid.org/0000-0002-6038-710X,University of Southampton; University Hospital Southampton NHS Foundation Trust; NIHR Southampton Biomedical Research Centre,1422-0067
Rogers,Peter J.,https://orcid.org/0000-0003-3525-3473,University of Bristol,1422-0067
Chen,Song‐Can,https://orcid.org/0000-0002-1531-9511,Research Center for Eco-Environmental Sciences; Chinese Academy of Sciences,1422-0067
Li,Xiaomin,https://orcid.org/0000-0002-8252-1074,Research Center for Eco-Environmental Sciences; Chinese Academy of Sciences,1422-0067
Sun,Guo‐Xin,https://orcid.org/0000-0002-9397-3164,Chinese Academy of Sciences; Research Center for Eco-Environmental Sciences,1422-0067
Zhang,Yingjiao,NONE,Chinese Academy of Sciences; Institute of Urban Environment,1422-0067
Su,Jian‐Qiang,https://orcid.org/0000-0003-1875-249X,Institute of Urban Environment; Chinese Academy of Sciences,1422-0067
Ye,Jun,NONE,Institute of Urban Environment; Chinese Academy of Sciences,1422-0067
Machida,Tatsuya,https://orcid.org/0000-0001-9694-3879,Okayama University,1422-0067
Tomofuji,Takaaki,https://orcid.org/0000-0002-7806-3365,Okayama University,1422-0067
Ekuni,Daisuke,https://orcid.org/0000-0002-1876-5605,Okayama University,1422-0067
Maruyama,Takayuki,https://orcid.org/0000-0003-2205-8310,Okayama University Hospital,1422-0067
Yoneda,Toshiki,https://orcid.org/0000-0001-6803-9233,Okayama University,1422-0067
Kawabata,Yuya,NONE,Okayama University,1422-0067
Mizuno,Hirofumi,NONE,Okayama University,1422-0067
Miyai,Hisataka,NONE,Okayama University,1422-0067
Kunitomo,Muneyoshi,NONE,Okayama University,1422-0067
Morita,Manabu,https://orcid.org/0000-0002-3104-6517,Okayama University,1422-0067
Wang,Qian,https://orcid.org/0000-0002-2149-384X,A. Alfred Taubman Health Care Center; University of Michigan–Ann Arbor,1422-0067
Chuikov,Sergei,NONE,A. Alfred Taubman Health Care Center; University of Michigan–Ann Arbor,1422-0067
Taitano,Sophina H.,https://orcid.org/0000-0001-9453-4043,University of Michigan–Ann Arbor,1422-0067
Wu,Qi,https://orcid.org/0000-0002-2550-3769,A. Alfred Taubman Health Care Center; University of Michigan–Ann Arbor,1422-0067
Rastogi,Arjun,NONE,VA Ann Arbor Healthcare System; Geriatric Research Education and Clinical Center,1422-0067
Tuck,Samuel J.,NONE,University of Michigan–Ann Arbor; VA Ann Arbor Healthcare System; Geriatric Research Education and Clinical Center,1422-0067
Corey,Joseph M.,https://orcid.org/0000-0001-7575-5406,University of Michigan–Ann Arbor; A. Alfred Taubman Health Care Center; VA Ann Arbor Healthcare System; Geriatric Research Education and Clinical Center,1422-0067
Lundy,Steven K.,https://orcid.org/0000-0002-3655-2216,University of Michigan–Ann Arbor,1422-0067
Mao‐Draayer,Yang,https://orcid.org/0000-0001-6248-3480,A. Alfred Taubman Health Care Center; University of Michigan–Ann Arbor,1422-0067
Eleftheriou,Eleftherios P.,https://orcid.org/0000-0002-7642-1181,Aristotle University of Thessaloniki,1422-0067
Adamakis,Ioannis‐Dimosthenis S.,https://orcid.org/0000-0002-9200-0862,Aristotle University of Thessaloniki,1422-0067
Panteris,Emmanuel,https://orcid.org/0000-0002-2360-6078,Aristotle University of Thessaloniki,1422-0067
Fatsiou,Maria,NONE,Aristotle University of Thessaloniki,1422-0067
Soares,Rosana de Lima,https://orcid.org/0000-0003-4250-9537,Universidade de São Paulo,1422-0067
Mendonça,Simone,https://orcid.org/0000-0002-3647-6989,Brazilian Agricultural Research Corporation,1422-0067
Castro,Luíla Ívini De,NONE,Universidade de São Paulo,1422-0067
Menezes,Amanda,https://orcid.org/0000-0003-4987-1037,Universidade de São Paulo,1422-0067
Arêas,José Alfredo Gomes,NONE,Universidade de São Paulo,1422-0067
Yang,Guang-Wei,NONE,Zhejiang Provincial People's Hospital,1422-0067
Jiang,Jin-Song,NONE,Zhejiang Provincial People's Hospital,1422-0067
Lu,Wei-Qin,NONE,Zhejiang Provincial People's Hospital,1422-0067
Wang,Haidong,https://orcid.org/0000-0002-2762-0600,China Agricultural University; Shanxi Agricultural University,1422-0067
Wang,Juan,https://orcid.org/0000-0003-0219-4200,Tongji University; Tongji Hospital,1422-0067
Bai,Yun,https://orcid.org/0000-0002-5441-9777,Shanxi Agricultural University,1422-0067
Li,Jinwei,https://orcid.org/0000-0001-7602-3397,Shanxi Agricultural University,1422-0067
Li,Lixin,https://orcid.org/0000-0003-2821-7108,Shanxi Agricultural University,1422-0067
Dong,Yanjun,https://orcid.org/0000-0001-6396-8949,China Agricultural University,1422-0067
Zhou,Cheng,https://orcid.org/0000-0002-1558-8930,Anhui Science and Technology University; Anhui University of Science and Technology; Tongji University,1422-0067
Ma,Zhongyou,https://orcid.org/0000-0002-9556-2545,Anhui Science and Technology University; Anhui University of Science and Technology,1422-0067
Zhu,Lin,https://orcid.org/0000-0001-9872-459X,Tongji University,1422-0067
Xiao,Xin,https://orcid.org/0000-0003-1098-9484,Anhui Science and Technology University; Anhui University of Science and Technology,1422-0067
Xie,Yue,https://orcid.org/0000-0002-8481-7186,Anhui Science and Technology University; Anhui University of Science and Technology,1422-0067
Zhu,Jian,https://orcid.org/0000-0002-1377-7658,Tongji University,1422-0067
Wang,Jianfei,https://orcid.org/0000-0001-9180-6285,Anhui Science and Technology University; Anhui University of Science and Technology,1422-0067
He,Changjiu,https://orcid.org/0000-0002-0350-9799,China Agricultural University,1422-0067
Wang,Jing,https://orcid.org/0000-0001-5105-7718,China Agricultural University,1422-0067
Zhang,Zhenzhen,https://orcid.org/0000-0002-9885-7453,China Agricultural University,1422-0067
Yang,Minghui,https://orcid.org/0000-0002-7612-8137,China Agricultural University,1422-0067
Li,Yu,https://orcid.org/0000-0002-9439-8421,China Agricultural University,1422-0067
Tian,Xiuzhi,NONE,China Agricultural University,1422-0067
Ma,Teng,https://orcid.org/0000-0003-0014-1105,China Agricultural University,1422-0067
Tao,Jingli,https://orcid.org/0000-0001-5761-6963,China Agricultural University,1422-0067
Zhu,Kuanfeng,NONE,China Agricultural University,1422-0067
Song,Yukun,NONE,China Agricultural University,1422-0067
Ji,Pengyun,NONE,China Agricultural University,1422-0067
Liu,Guoshi,https://orcid.org/0000-0002-5688-3645,China Agricultural University,1422-0067
Buigues,Cristina,https://orcid.org/0000-0002-8031-4215,Universitat de València,1422-0067
Garrido,Julio Fernández,https://orcid.org/0000-0001-5195-5227,Universitat de València,1422-0067
Pruimboom,Leo,https://orcid.org/0000-0003-2955-4675,University of Groningen; University Medical Center Groningen,1422-0067
Hoogland,A.J.,NONE,NONE,1422-0067
Navarro-Martínez,Rut,https://orcid.org/0000-0002-9122-9884,Universitat de València,1422-0067
Martínez-Martínez,Mary,NONE,NONE,1422-0067
Verdejo,Yolanda,NONE,NONE,1422-0067
Mascarós,Mari Carmen,NONE,NONE,1422-0067
Peris,Carlos,NONE,NONE,1422-0067
Cauli,Omar,https://orcid.org/0000-0001-5669-4943,Universitat de València,1422-0067
Dong,Pingping,https://orcid.org/0000-0002-7715-4628,The First Affiliated Hospital Sun Yat-sen University; Zhongshan Hospital; Shanghai Medical College of Fudan University; Fudan University; Sun Yat-sen University,1422-0067
Ma,Lijie,https://orcid.org/0000-0002-4630-5366,Shanghai Medical College of Fudan University; Fudan University; Zhongshan Hospital,1422-0067
Liu,Longzi,NONE,Shanghai Medical College of Fudan University; Fudan University; Zhongshan Hospital,1422-0067
Zhao,Guangxi,NONE,Shanghai Medical College of Fudan University; The First Affiliated Hospital Sun Yat-sen University; Sun Yat-sen University; Zhongshan Hospital; Fudan University,1422-0067
Zhang,Si,https://orcid.org/0000-0002-5682-4995,Shanghai Medical College of Fudan University,1422-0067
Dong,Ling,https://orcid.org/0000-0001-5995-7673,The First Affiliated Hospital Sun Yat-sen University; Zhongshan Hospital; Fudan University; Sun Yat-sen University,1422-0067
Xue,Rui,https://orcid.org/0000-0002-5710-0091,Fudan University; Zhongshan Hospital; Sun Yat-sen University; The First Affiliated Hospital Sun Yat-sen University,1422-0067
Chen,She,https://orcid.org/0000-0002-4077-1649,Shanghai Medical College of Fudan University,1422-0067
Li,Shih-Wen,NONE,China Medical University,1422-0067
Wang,Ching-Ying,NONE,China Medical University,1422-0067
Jou,Yu-Jen,NONE,China Medical University,1422-0067
Huang,Su‐Hua,NONE,Asia University,1422-0067
Hsiao,Li-Hsin,NONE,China Medical University,1422-0067
Wan,Lei,https://orcid.org/0000-0002-9525-3232,China Medical University; China Medical University Hospital,1422-0067
Lin,Ying‐Ju,https://orcid.org/0000-0003-4684-0585,China Medical University Hospital; China Medical University,1422-0067
Kung,Szu‐Hao,https://orcid.org/0000-0002-0674-951X,National Yang Ming Chiao Tung University,1422-0067
Lin,Cheng‐Wen,https://orcid.org/0000-0003-0165-2652,China Medical University; Asia University,1422-0067
Cao,Guosheng,https://orcid.org/0000-0001-5271-7204,China Pharmaceutical University,1422-0067
Jiang,Nan,https://orcid.org/0000-0002-3531-0450,China Pharmaceutical University,1422-0067
Hu,Yang,https://orcid.org/0000-0002-8291-3182,China Pharmaceutical University,1422-0067
Zhang,Yuanyuan,https://orcid.org/0000-0002-1845-7725,China Pharmaceutical University,1422-0067
Wang,Guangyun,NONE,China Pharmaceutical University,1422-0067
Yin,Mingzhu,https://orcid.org/0000-0002-6964-7131,China Pharmaceutical University,1422-0067
Ma,Xiaonan,https://orcid.org/0000-0002-0459-0680,China Pharmaceutical University,1422-0067
Zhou,Kecheng,https://orcid.org/0009-0005-4307-9745,China Pharmaceutical University,1422-0067
Qi,Jin,https://orcid.org/0000-0001-7664-7976,China Pharmaceutical University,1422-0067
Yu,Boyang,https://orcid.org/0000-0002-1401-9250,China Pharmaceutical University,1422-0067
Kou,Junping,https://orcid.org/0000-0001-8377-915X,China Pharmaceutical University,1422-0067
Dose,Janina,https://orcid.org/0000-0002-1145-509X,Kiel University,1422-0067
Matsugo,Seiichi,NONE,Kanazawa University,1422-0067
Yokokawa,Haruka,NONE,Kanazawa University,1422-0067
Koshida,Yutaro,NONE,Kanazawa University,1422-0067
Okazaki,Shigetoshi,https://orcid.org/0000-0001-5041-6301,Hamamatsu University School of Medicine,1422-0067
Seidel,Ulrike,https://orcid.org/0000-0003-4384-488X,Kiel University,1422-0067
Eggersdorfer,Manfred,https://orcid.org/0000-0002-5314-5110,NONE,1422-0067
Rimbach,Gerald,https://orcid.org/0000-0001-7888-4684,Kiel University,1422-0067
Esatbeyoglu,Tuba,https://orcid.org/0000-0003-2413-6925,Kiel University,1422-0067
Jiang,Shan,https://orcid.org/0000-0002-3467-8640,Prince Philip Dental Hospital; University of Hong Kong,1422-0067
Gao,Xiaoli,https://orcid.org/0000-0002-9930-2476,Prince Philip Dental Hospital; University of Hong Kong,1422-0067
Jin,LJ,https://orcid.org/0000-0003-4305-1337,Prince Philip Dental Hospital; University of Hong Kong,1422-0067
Lo,Edward Chin Man,https://orcid.org/0000-0002-3618-0619,University of Hong Kong; Prince Philip Dental Hospital,1422-0067
Ramakrishnaiah,Ravikumar,https://orcid.org/0000-0003-2267-6215,King Saud University,1422-0067
Kheraif,Abdulaziz A. Al,https://orcid.org/0000-0002-3082-5527,King Saud University,1422-0067
Divakar,Darshan Devang,https://orcid.org/0000-0002-4007-3453,King Saud University,1422-0067
Matinlinna,JP,https://orcid.org/0000-0001-7656-0678,King Saud University; University of Hong Kong,1422-0067
Vallittu,Pekka K.,https://orcid.org/0000-0002-9981-6717,King Saud University; University of Turku; Turku City Hospital,1422-0067
Ramírez,David,https://orcid.org/0000-0003-0002-1189,University of Talca,1422-0067
Caballero,Julio,https://orcid.org/0000-0003-0182-1444,University of Talca,1422-0067
Güldiken,Burcu,NONE,Istanbul Technical University,1422-0067
Toydemir,Gamze,NONE,Okan University,1422-0067
Memis,Kubra Nur,NONE,Istanbul Technical University,1422-0067
Okur,Sena,NONE,Istanbul Technical University,1422-0067
Boyacıoğlu,Dilek,https://orcid.org/0000-0002-8160-0619,Istanbul Technical University,1422-0067
Çapanoğlu,Esra,https://orcid.org/0000-0003-0335-9433,Istanbul Technical University,1422-0067
Guo,Shanshan,https://orcid.org/0000-0001-8230-9922,Beijing Normal University,1422-0067
Geng,Zhu‐Feng,https://orcid.org/0000-0002-1011-084X,Beijing Normal University,1422-0067
Zhang,Wenjuan,https://orcid.org/0000-0001-9482-1034,Beijing Normal University,1422-0067
Liang,Junyu,NONE,Beijing Normal University,1422-0067
Wang,Chengfang,NONE,Beijing Normal University,1422-0067
Deng,Zhiwei,https://orcid.org/0000-0003-4536-293X,Beijing Normal University,1422-0067
Du,Shu-Shan,NONE,Beijing Normal University,1422-0067
Arboleya,Silvia,https://orcid.org/0000-0002-6155-5822,Instituto de Productos Lácteos de Asturias,1422-0067
Sánchez,Borja,https://orcid.org/0000-0003-1408-8018,Instituto de Productos Lácteos de Asturias,1422-0067
Sánchez,Gonzalo Solís,https://orcid.org/0000-0003-0363-831X,Central University Hospital of Asturias,1422-0067
Fernández,Nuria,https://orcid.org/0000-0002-8519-7281,Hospital Universitario De Cabueñes,1422-0067
Suárez,Marta,https://orcid.org/0000-0002-5682-9083,Central University Hospital of Asturias,1422-0067
Hernández‐Barranco,Ana María,https://orcid.org/0000-0002-3086-2563,Instituto de Productos Lácteos de Asturias,1422-0067
Milani,Christian,https://orcid.org/0000-0002-5062-3164,University of Parma,1422-0067
Margollés,Abelardo,https://orcid.org/0000-0003-2278-1816,Instituto de Productos Lácteos de Asturias,1422-0067
Reyes‐Gavilán,Clara G. de los,https://orcid.org/0000-0001-9396-6311,Instituto de Productos Lácteos de Asturias,1422-0067
Ventura,Marco,https://orcid.org/0000-0002-4875-4560,University of Parma,1422-0067
Gueimonde,Miguel,https://orcid.org/0000-0002-0192-901X,Instituto de Productos Lácteos de Asturias,1422-0067
Montañez-Heredia,Elvira,https://orcid.org/0000-0003-1536-9671,Hospital Clínico Universitario Virgen de la Victoria,1422-0067
Irízar,Sofia,NONE,Hospital Clínico Universitario Virgen de la Victoria,1422-0067
Huertas,Pedro E.,NONE,Hospital Clínico Universitario Virgen de la Victoria,1422-0067
Otero,Esperanza,NONE,Hospital Clínico Universitario Virgen de la Victoria,1422-0067
Valle,Marta del,NONE,Hospital Clínico Universitario Virgen de la Victoria,1422-0067
Prat,I.,NONE,NONE,1422-0067
Díaz-Gallardo,Macarena,NONE,NONE,1422-0067
Perán,Macarena,https://orcid.org/0000-0001-7562-2347,Universidad de Granada,1422-0067
Marchal,Juan Antonio,https://orcid.org/0000-0002-4996-8261,Universidad de Granada; Instituto de Investigación Biosanitaria de Granada,1422-0067
Hernandez-Lamas,María,NONE,NONE,1422-0067
You,Min Kyoung,https://orcid.org/0000-0001-6631-4756,Kyung Hee University,1422-0067
Kim,Jin,https://orcid.org/0000-0002-5484-380X,Kyung Hee University,1422-0067
Lee,Yeo Jin,https://orcid.org/0009-0006-9877-2499,Kyung Hee University,1422-0067
Jeong,Ye Ji,https://orcid.org/0000-0001-6323-4638,Kyung Hee University,1422-0067
Ha,Sun‐Hwa,https://orcid.org/0000-0002-0260-7645,Kyung Hee University,1422-0067
Miao,Wei,https://orcid.org/0000-0002-1351-6298,Tongji University; Shanghai East Hospital,1422-0067
Wu,Xiujuan,https://orcid.org/0000-0002-3692-0891,Tongji University; Shanghai East Hospital,1422-0067
Wang,Kang,https://orcid.org/0009-0007-8979-1345,Tongji University; Shanghai East Hospital,1422-0067
Wang,Wenjing,https://orcid.org/0000-0002-8740-0538,Tongji University; Shanghai East Hospital,1422-0067
Wang,Yumei,https://orcid.org/0000-0002-0551-3468,Tongji University; Shanghai East Hospital,1422-0067
Li,Zhigang,https://orcid.org/0000-0001-7164-1049,Tongji University; Shanghai East Hospital,1422-0067
Liu,Jingjing,https://orcid.org/0000-0001-8333-5233,Tongji University; Shanghai East Hospital,1422-0067
Li,Li,https://orcid.org/0000-0003-0524-7515,Tongji University; Shanghai East Hospital,1422-0067
Peng,Luying,https://orcid.org/0000-0002-0033-767X,Tongji University; Shanghai East Hospital,1422-0067
Lemma,Solomon Mengistu,https://orcid.org/0000-0002-6476-9316,Laboratoire Rhéologie et Procédés; Université Grenoble Alpes; Centre National de la Recherche Scientifique,1422-0067
Bossard,Frédéric,https://orcid.org/0000-0002-0825-4465,Laboratoire Rhéologie et Procédés; Université Grenoble Alpes; Centre National de la Recherche Scientifique,1422-0067
Rinaudo,Marguerite,https://orcid.org/0000-0003-3254-0194,NONE,1422-0067
He,Jinzhe,NONE,Zhejiang University of Technology,1422-0067
Xu,Yaoyang,NONE,Zhejiang University of Technology,1422-0067
Chen,Hongbo,https://orcid.org/0000-0002-6051-3321,Zhejiang Lab,1422-0067
Sun,Peilong,https://orcid.org/0000-0003-1963-1120,Zhejiang University of Technology,1422-0067
Liu,Fang,https://orcid.org/0000-0002-6213-9572,Anhui Agricultural University,1422-0067
Xu,Yunjian,https://orcid.org/0000-0002-0892-0122,Anhui Agricultural University,1422-0067
Jiang,Huanhuan,https://orcid.org/0000-0002-9140-6617,Anhui Agricultural University,1422-0067
Jiang,Chaosheng,NONE,Anhui Agricultural University,1422-0067
Du,Yibin,NONE,Anhui Agricultural University,1422-0067
Gong,Cheng S.,NONE,Anhui Agricultural University,1422-0067
Wang,Wei,https://orcid.org/0000-0003-1436-1395,Anhui Agricultural University,1422-0067
Zhu,Suwen,https://orcid.org/0000-0002-4954-6667,Anhui Agricultural University,1422-0067
Han,Guomin,https://orcid.org/0000-0002-1199-4448,Anhui Agricultural University,1422-0067
Cheng,Beijiu,https://orcid.org/0000-0001-8534-4336,Anhui Agricultural University,1422-0067
Klaedtke,Stéphanie,NONE,Institut Agro Rennes-Angers; University of Liège,1422-0067
Caproni,Leonardo,https://orcid.org/0000-0002-7129-8575,University of Perugia,1422-0067
Klauck,Julia,NONE,Institut Agro Rennes-Angers,1422-0067
Grandville,Paul De la,NONE,Institut Agro Rennes-Angers,1422-0067
Dutartre,Martin,NONE,Institut Agro Rennes-Angers,1422-0067
Stassart,Pierre,NONE,University of Liège,1422-0067
Chable,Véronique,NONE,Institut Agro Rennes-Angers,1422-0067
Negri,Valeria,https://orcid.org/0000-0003-2941-121X,University of Perugia,1422-0067
Raggi,Lorenzo,https://orcid.org/0000-0003-0484-8669,University of Perugia,1422-0067
Taranto,Francesca,https://orcid.org/0000-0002-7849-9038,University of Bari Aldo Moro,1422-0067
Pasqualone,Antonella,https://orcid.org/0000-0001-6675-2203,University of Bari Aldo Moro,1422-0067
Mangini,Giacomo,https://orcid.org/0000-0002-6600-2178,University of Bari Aldo Moro,1422-0067
Tripodi,Pasquale,https://orcid.org/0000-0001-5429-3847,Centro di Ricerca per l’Orticoltura,1422-0067
Miazzi,Monica Marilena,https://orcid.org/0000-0002-8038-3587,University of Bari Aldo Moro,1422-0067
Pavan,Stefano,https://orcid.org/0000-0002-3666-7291,University of Bari Aldo Moro,1422-0067
Montemurro,Cinzia,https://orcid.org/0000-0002-3748-2539,University of Bari Aldo Moro,1422-0067
Yue,Panpan,NONE,Beijing Forestry University,1422-0067
Hu,Yajie,https://orcid.org/0000-0001-6104-8436,Beijing Forestry University,1422-0067
Fu,Gen-Que,NONE,Beijing Forestry University,1422-0067
Sun,Changxia,NONE,Beijing Forestry University,1422-0067
Li,Ming‐Fei,https://orcid.org/0000-0003-3123-0565,Beijing Forestry University,1422-0067
Peng,Feng,https://orcid.org/0000-0001-5388-5648,Beijing Forestry University,1422-0067
Sun,Run‐Cang,https://orcid.org/0000-0003-2721-6357,Beijing Forestry University,1422-0067
Yuan,Yu-Guo,NONE,Yangzhou University,1422-0067
Peng,Qiuling,NONE,Yichun University,1422-0067
Gurunathan,Sangiliyandi,https://orcid.org/0000-0001-9924-8433,Konkuk University,1422-0067
Roca-Ho,Heleia,https://orcid.org/0000-0001-7324-5234,Hospital del Mar Research Institute,1422-0067
Riera,Marta,https://orcid.org/0000-0003-4362-7965,Hospital del Mar Research Institute,1422-0067
Palau,Vanesa,https://orcid.org/0000-0002-3210-7924,Hospital del Mar Research Institute,1422-0067
Pascual,Julio,https://orcid.org/0000-0002-4735-7838,Hospital del Mar Research Institute,1422-0067
Soler,Maria,NONE,Hospital del Mar Research Institute,1422-0067
Breil,Cassandra,NONE,Université d'Avignon et des Pays de Vaucluse; Groupe de Recherche en Énergie Électrique de Nancy; Groupe de Recherche Clinique en Neuro-urologie,1422-0067
Vian,Maryline Abert,https://orcid.org/0000-0002-3306-1403,Groupe de Recherche Clinique en Neuro-urologie; Université d'Avignon et des Pays de Vaucluse; Groupe de Recherche en Énergie Électrique de Nancy,1422-0067
Zemb,Thomas,NONE,Institut de Chimie Séparative de Marcoule,1422-0067
Kunz,Werner,https://orcid.org/0000-0002-9463-632X,University of Regensburg,1422-0067
Chemat,Farid,NONE,Groupe de Recherche Clinique en Neuro-urologie; Université d'Avignon et des Pays de Vaucluse; Groupe de Recherche en Énergie Électrique de Nancy,1422-0067
Khan,Ferdous,https://orcid.org/0000-0003-2373-7657,Kyushu University,1422-0067
Tanaka,Masaru,https://orcid.org/0000-0002-1115-2080,Kyushu University; Yamagata University,1422-0067
Tramuto,Fabio,https://orcid.org/0000-0003-0108-4608,"Azienda Ospedaliera Universitaria Policlinico ""Paolo Giaccone"" di Palermo; University of Palermo",1422-0067
Amodio,Emanuele,https://orcid.org/0000-0001-5482-5268,University of Palermo,1422-0067
Calamusa,Giuseppe,https://orcid.org/0000-0002-6780-5044,University of Palermo,1422-0067
Restivo,Vincenzo,https://orcid.org/0000-0002-5406-884X,University of Palermo,1422-0067
Costantino,Claudio,https://orcid.org/0000-0002-3397-7331,University of Palermo,1422-0067
Vitale,Francesco,https://orcid.org/0000-0002-6354-8060,"University of Palermo; Azienda Ospedaliera Universitaria Policlinico ""Paolo Giaccone"" di Palermo",1422-0067
Tsao,Yu‐Tzu,https://orcid.org/0000-0002-2413-1684,Ministry of Health and Welfare; National Yang Ming University Hospital; National Yang Ming Chiao Tung University; Tao Yuan General Hospital,1422-0067
Huang,Yi-Jeng,NONE,National Yang Ming Chiao Tung University,1422-0067
Wu,Hao-Hsiang,NONE,National Yang Ming Chiao Tung University,1422-0067
Liu,Yu-An,NONE,National Yang Ming Chiao Tung University,1422-0067
Liu,Yi‐Shiuan,https://orcid.org/0000-0003-3205-8963,National Yang Ming Chiao Tung University,1422-0067
Lee,Oscar,https://orcid.org/0000-0002-3469-0850,National Yang Ming University Hospital; National Yang Ming Chiao Tung University; Taipei City Hospital; Taipei Veterans General Hospital,1422-0067
Lin,Abraham,https://orcid.org/0000-0003-0097-3323,Drexel University,1422-0067
Truong,Billy,https://orcid.org/0000-0002-5204-2355,Drexel University,1422-0067
Patel,Sohil H.,https://orcid.org/0000-0002-9739-4362,Drexel University,1422-0067
Kaushik,Nagendra Kumar,https://orcid.org/0000-0002-4965-5046,Kwangwoon University,1422-0067
Choi,Eun Ha,https://orcid.org/0000-0001-5385-1878,Kwangwoon University,1422-0067
Fridman,Gregory,https://orcid.org/0000-0003-4006-4722,Drexel University,1422-0067
Fridman,Alexander,NONE,Drexel University,1422-0067
Miller,Vandana,https://orcid.org/0000-0002-2323-2299,Drexel University,1422-0067
Sardo,Federica Lo,https://orcid.org/0000-0002-2912-079X,NONE,1422-0067
Muti,Paola,https://orcid.org/0000-0003-0339-8520,Juravinski Cancer Centre; McMaster University,1422-0067
Blandino,Giovanni,https://orcid.org/0000-0002-6970-2241,NONE,1422-0067
Strano,Sabrina,https://orcid.org/0000-0002-6341-4230,NONE,1422-0067
Gentile,Pietro,https://orcid.org/0000-0003-3123-3977,University of Rome Tor Vergata,1422-0067
Cole,John P.,NONE,NONE,1422-0067
Cole,Megan J.,https://orcid.org/0000-0003-0815-7590,NONE,1422-0067
Garcovich,Simone,https://orcid.org/0000-0001-8967-6688,Università Cattolica del Sacro Cuore,1422-0067
Bielli,Alessandra,https://orcid.org/0000-0002-6314-279X,University of Rome Tor Vergata,1422-0067
Scioli,Maria Giovanna,https://orcid.org/0000-0002-8458-4108,University of Rome Tor Vergata,1422-0067
Orlandi,Augusto,https://orcid.org/0000-0001-7202-5854,University of Rome Tor Vergata,1422-0067
Insalaco,Chiara,NONE,University of Rome Tor Vergata,1422-0067
Cervelli,Valerio,https://orcid.org/0000-0001-8474-9104,University of Rome Tor Vergata,1422-0067
Mazur-Biały,Agnieszka,https://orcid.org/0000-0003-1056-8276,Jagiellonian University,1422-0067
Pocheć,Ewa,https://orcid.org/0000-0002-9113-8579,Jagiellonian University,1422-0067
Zarawski,Marcin,https://orcid.org/0000-0003-0923-7381,NONE,1422-0067
Kim,Kwang-Youn,https://orcid.org/0000-0002-0868-5134,Daegu Haany University; Pusan National University,1422-0067
Park,Kwang‐Il,https://orcid.org/0000-0002-0199-8090,Korea Institute of Oriental Medicine,1422-0067
Kim,Sang‐Hun,https://orcid.org/0000-0003-4167-0089,Pusan National University,1422-0067
Yu,Sun‐Nyoung,NONE,Pusan National University,1422-0067
Park,Sul-Gi,NONE,Pusan National University,1422-0067
Kim,Young Ho,https://orcid.org/0000-0003-0703-1136,Daegu Haany University,1422-0067
Seo,Young‐Kyo,https://orcid.org/0000-0002-3743-8431,Ulsan National Institute of Science and Technology,1422-0067
Yeul,Jin,https://orcid.org/0000-0001-8796-0394,Korea Institute of Oriental Medicine,1422-0067
Ahn,Soon‐Cheol,https://orcid.org/0000-0002-5826-6392,Pusan National University,1422-0067
Li,Wei,https://orcid.org/0000-0001-6728-1300,Qilu Hospital of Shandong University,1422-0067
Zhong,Chaoqin,NONE,Qilu Hospital of Shandong University,1422-0067
Jiao,Jun,https://orcid.org/0000-0003-2768-2809,Qilu Hospital of Shandong University,1422-0067
Li,Peng,https://orcid.org/0000-0002-5078-5091,Qilu Hospital of Shandong University,1422-0067
Cui,Baoxia,NONE,Qilu Hospital of Shandong University,1422-0067
Ji,Chunyan,https://orcid.org/0000-0003-4438-1768,Qilu Hospital of Shandong University,1422-0067
Ma,Daoxin,https://orcid.org/0000-0003-0664-8441,Qilu Hospital of Shandong University,1422-0067
Said,Ridha Ben,https://orcid.org/0000-0003-1500-3178,Qassim University; Tunis El Manar University; Tunis University,1422-0067
Hamed,Arafa I.,https://orcid.org/0000-0003-4910-3732,Aswan University; Qassim University; Institute of Soil Science and Plant Cultivation,1422-0067
Mahalel,Usama A.,https://orcid.org/0000-0001-7911-6599,Aswan University,1422-0067
Al-Ayed,Abdullah S.,NONE,Qassim University,1422-0067
Kowalczyk,Mariusz,https://orcid.org/0000-0001-7454-4762,Institute of Soil Science and Plant Cultivation,1422-0067
Mołdoch,Jarosław,https://orcid.org/0000-0002-8844-3986,Institute of Soil Science and Plant Cultivation,1422-0067
Oleszek,Wiesław,https://orcid.org/0000-0002-4189-6603,Institute of Soil Science and Plant Cultivation,1422-0067
Stochmal,Anna,https://orcid.org/0000-0003-1629-5598,Institute of Soil Science and Plant Cultivation,1422-0067
Charrier,Annaëlle,NONE,Centre Hospitalier Guillaume Régnier,1422-0067
Olliac,Bertrand,https://orcid.org/0000-0002-7442-2586,Université de Limoges; Centre Hospitalier Esquirol de Limoges,1422-0067
Roubertoux,Pierre L.,https://orcid.org/0000-0001-9013-2725,Aix-Marseille Université; Génétique Médicale & Génomique Fonctionelle,1422-0067
Tordjman,Sylvie,https://orcid.org/0000-0002-9640-7627,Centre Hospitalier Guillaume Régnier; Laboratoire Psychologie de la Perception; Laboratoire de Physique des Plasmas,1422-0067
Guo,Yongchen,NONE,Jining Medical University,1422-0067
Bao,Yonghua,NONE,Jining Medical University,1422-0067
Ma,Ming,https://orcid.org/0000-0001-5020-5248,Jining Medical University,1422-0067
Yang,Wancai,https://orcid.org/0000-0001-7437-9197,Jining Medical University; University of Illinois Chicago,1422-0067
Moreira-Rodríguez,Melissa,NONE,Tecnológico de Monterrey,1422-0067
Nair,Vimal,https://orcid.org/0000-0002-5752-9824,Texas A&M University,1422-0067
Benavides,Jorge,https://orcid.org/0000-0002-9579-483X,Tecnológico de Monterrey,1422-0067
Cisneros‐Zevallos,Luis,https://orcid.org/0000-0003-0580-5943,Texas A&M University,1422-0067
Jacobo‐Velázquez,Daniel A.,https://orcid.org/0000-0002-9478-2570,Tecnológico de Monterrey,1422-0067
Wei,Chien-Kei,NONE,Kaohsiung Medical University,1422-0067
Tsai,Yi‐Hong,https://orcid.org/0000-0003-4674-3363,Kaohsiung Medical University,1422-0067
Korinek,Michal,https://orcid.org/0000-0002-8988-8610,Kaohsiung Medical University,1422-0067
Hung,Pei‐hsuan,NONE,Kaohsiung Medical University,1422-0067
El‐Shazly,Mohamed,https://orcid.org/0000-0003-0050-8288,Kaohsiung Medical University; Ain Shams University,1422-0067
Cheng,Yuan‐Bin,https://orcid.org/0000-0001-6581-1320,Kaohsiung Medical University,1422-0067
Wu,Yang‐Chang,https://orcid.org/0000-0001-7815-2686,China Medical University Hospital; China Medical University; Kaohsiung Medical University,1422-0067
Hsieh,Tusty‐Jiuan,https://orcid.org/0000-0001-5387-6522,Kaohsiung Medical University; National Sun Yat-sen University,1422-0067
Chang,Fang‐Rong,https://orcid.org/0000-0003-2549-4193,National Sun Yat-sen University; Kaohsiung Medical University,1422-0067
Gart,Eveline,https://orcid.org/0000-0002-7713-2381,Netherlands Organisation for Applied Scientific Research; Wageningen University & Research,1422-0067
Lima,Everton Souto,NONE,Netherlands Organisation for Applied Scientific Research,1422-0067
Schuren,Frank,https://orcid.org/0000-0001-6982-5340,Netherlands Organisation for Applied Scientific Research,1422-0067
Ruiter,Christa G. F. De,NONE,Netherlands Organisation for Applied Scientific Research,1422-0067
Attema,Joline,NONE,Netherlands Organisation for Applied Scientific Research,1422-0067
Verschuren,Lars,https://orcid.org/0000-0002-7847-9037,Netherlands Organisation for Applied Scientific Research,1422-0067
Keijer,Jaap,https://orcid.org/0000-0002-9720-7491,Wageningen University & Research,1422-0067
Salic,Kanita,NONE,Netherlands Organisation for Applied Scientific Research,1422-0067
Morrison,Martine C.,https://orcid.org/0000-0003-4996-943X,Netherlands Organisation for Applied Scientific Research; Wageningen University & Research,1422-0067
Kleemann,Robert,https://orcid.org/0000-0002-1350-0149,Netherlands Organisation for Applied Scientific Research; Leiden University Medical Center,1422-0067
Nazaré,Ana Carolina,https://orcid.org/0000-0001-5256-9176,Universidade Estadual Paulista (Unesp),1422-0067
Polaquini,Carlos Roberto,https://orcid.org/0000-0001-5913-0246,Universidade Estadual Paulista (Unesp),1422-0067
Cavalca,Lucia,https://orcid.org/0000-0002-3512-1705,University of Groningen,1422-0067
Anselmo,Daiane Bertholin,NONE,Universidade Estadual Paulista (Unesp),1422-0067
Calmon,Marília Freitas,https://orcid.org/0000-0001-5203-0103,Universidade Estadual Paulista (Unesp),1422-0067
Monteiro,Diego Alves,https://orcid.org/0000-0001-9894-6926,Universidade Estadual Paulista (Unesp),1422-0067
Zielińska,Aleksandra,https://orcid.org/0000-0003-3394-967X,University of Groningen,1422-0067
Rahal,Paula,https://orcid.org/0000-0001-5693-6148,Universidade Estadual Paulista (Unesp),1422-0067
Gomes,Eleni,https://orcid.org/0000-0003-0935-1387,Universidade Estadual Paulista (Unesp),1422-0067
Scheffers,Dirk‐Jan,https://orcid.org/0000-0002-9439-9168,University of Groningen,1422-0067
Ferreira,Henrique,https://orcid.org/0000-0002-9183-9420,Universidade Estadual Paulista (Unesp),1422-0067
Regasini,Luís Octávio,https://orcid.org/0000-0001-8574-0670,Universidade Estadual Paulista (Unesp),1422-0067
Paunov,Momchil,https://orcid.org/0009-0007-1593-9503,"Sofia University ""St. Kliment Ohridski""",1422-0067
Koleva,Lyubka,https://orcid.org/0000-0002-7087-0891,Agricultural University Plovdiv,1422-0067
Vassilev,Andon,https://orcid.org/0000-0002-2485-1673,Agricultural University Plovdiv,1422-0067
Vangronsveld,Jaco,https://orcid.org/0000-0003-4423-8363,Hasselt University,1422-0067
Goltsev,Vasilij,https://orcid.org/0000-0003-4338-6671,"Sofia University ""St. Kliment Ohridski""",1422-0067
Li,Xue,https://orcid.org/0000-0002-9523-869X,West China Medical Center of Sichuan University,1422-0067
Lei,Yi,https://orcid.org/0000-0002-0857-6317,West China Medical Center of Sichuan University,1422-0067
Wu,Miao,NONE,West China Medical Center of Sichuan University,1422-0067
Li,Nan,https://orcid.org/0000-0002-2047-4743,West China Medical Center of Sichuan University,1422-0067
Oh,Myeongsik,NONE,Kangwon National University,1422-0067
Lee,Jinhee,https://orcid.org/0000-0001-7321-6206,Incheon National University,1422-0067
Kim,Yu Jin,NONE,Kangwon National University,1422-0067
Rhee,Won Jong,https://orcid.org/0000-0001-7068-2762,Incheon National University,1422-0067
Park,Ju Hyun,https://orcid.org/0000-0001-8590-7442,Kangwon National University,1422-0067
Wang,Chang-Tao,NONE,Beijing Technology and Business University,1422-0067
Ru,Jing-Na,NONE,Institute of Crop Sciences; Chinese Academy of Agricultural Sciences,1422-0067
Liu,Yongwei,https://orcid.org/0000-0001-9980-1825,Hebei Academy of Agriculture and Forestry Sciences,1422-0067
Li,Meng,https://orcid.org/0000-0002-7354-6480,Beijing Technology and Business University,1422-0067
Zhao,Dan,https://orcid.org/0000-0002-3988-5040,Beijing Technology and Business University,1422-0067
Yang,Junfeng,NONE,NONE,1422-0067
Fu,Jin‐Dong,NONE,Institute of Crop Sciences; Chinese Academy of Agricultural Sciences,1422-0067
Xu,Zhao‐Shi,https://orcid.org/0000-0001-8028-6413,Institute of Crop Sciences; Chinese Academy of Agricultural Sciences,1422-0067
Cui,Xiang,https://orcid.org/0000-0002-3029-5829,Nanjing University of Chinese Medicine,1422-0067
Qian,Dawei,https://orcid.org/0000-0002-0402-9551,Nanjing University of Chinese Medicine,1422-0067
Jiang,Shu,https://orcid.org/0000-0003-1183-5022,Nanjing University of Chinese Medicine,1422-0067
Shang,Erxin,NONE,Nanjing University of Chinese Medicine,1422-0067
Zhu,Zhenhua,https://orcid.org/0000-0002-4554-1770,Nanjing University of Chinese Medicine,1422-0067
Duan,Jin‐Ao,https://orcid.org/0000-0002-2066-327X,Nanjing University of Chinese Medicine,1422-0067
Lemma,Silvia,https://orcid.org/0000-0003-0714-3138,Istituto Ortopedico Rizzoli; Istituti di Ricovero e Cura a Carattere Scientifico,1422-0067
Avnet,Sofia,https://orcid.org/0000-0002-7843-0591,Istituto Ortopedico Rizzoli; Istituti di Ricovero e Cura a Carattere Scientifico,1422-0067
Meade,M,https://orcid.org/0000-0003-4752-0997,Istituto Ortopedico Rizzoli; Istituti di Ricovero e Cura a Carattere Scientifico,1422-0067
Chano,Tokuhiro,https://orcid.org/0000-0002-9959-1183,Shiga University of Medical Science,1422-0067
Baldini,Nicola,https://orcid.org/0000-0003-2228-3833,University of Bologna; Istituto Ortopedico Rizzoli; Istituti di Ricovero e Cura a Carattere Scientifico,1422-0067
Liang,Hai‐Wei,NONE,China Agricultural University,1422-0067
Dai,Zhaolai,https://orcid.org/0000-0003-4471-0154,China Agricultural University,1422-0067
Kou,Jiao,NONE,China Agricultural University,1422-0067
Sun,Kaiji,NONE,China Agricultural University,1422-0067
Chen,Jingqing,https://orcid.org/0000-0002-1506-7510,China Agricultural University,1422-0067
Yang,Ying,https://orcid.org/0000-0002-5787-3158,China Agricultural University,1422-0067
Wu,Guoyao,https://orcid.org/0000-0001-8058-6969,China Agricultural University; Texas A&M University,1422-0067
Wu,Zhenlong,https://orcid.org/0000-0001-9700-8874,China Agricultural University,1422-0067
Diamanti,Andrea Picchianti,https://orcid.org/0000-0002-8552-4641,Sapienza University of Rome,1422-0067
Panebianco,Concetta,https://orcid.org/0000-0003-2819-3505,Casa Sollievo della Sofferenza; Istituti di Ricovero e Cura a Carattere Scientifico,1422-0067
Salemi,Simonetta,https://orcid.org/0000-0003-4754-8092,Sapienza University of Rome,1422-0067
Sorgi,Maria Laura,NONE,Sapienza University of Rome,1422-0067
Rosa,Roberta,https://orcid.org/0000-0002-6062-8559,Sapienza University of Rome,1422-0067
Tropea,Alessandro,https://orcid.org/0000-0001-5792-718X,Sapienza University of Rome,1422-0067
Sgrulletti,Mayla,https://orcid.org/0000-0002-7493-5226,Sapienza University of Rome,1422-0067
Salerno,Gerardo,https://orcid.org/0000-0002-6597-1452,Sapienza University of Rome,1422-0067
Terracciano,Fulvia,NONE,Casa Sollievo della Sofferenza; Istituti di Ricovero e Cura a Carattere Scientifico,1422-0067
D’Amelio,Raffaele,https://orcid.org/0000-0003-0669-2629,Sapienza University of Rome,1422-0067
Laganà,Bruno,https://orcid.org/0000-0003-2305-4063,Sapienza University of Rome,1422-0067
Pazienza,Valerio,https://orcid.org/0000-0002-3492-1153,Casa Sollievo della Sofferenza; Istituti di Ricovero e Cura a Carattere Scientifico,1422-0067
Kim,Soo,https://orcid.org/0000-0002-1818-0551,Asan Medical Center,1422-0067
Lee,Seul,https://orcid.org/0000-0001-8185-9981,Asan Medical Center,1422-0067
Kim,Hyun‐Jung,https://orcid.org/0000-0002-4041-0018,Asan Medical Center,1422-0067
Kim,Tae Min,https://orcid.org/0000-0003-0015-2701,Seoul National University,1422-0067
Li,Yukuo,https://orcid.org/0000-0003-3610-6061,Zhengzhou Fruit Research Institute; Chinese Academy of Agricultural Sciences,1422-0067
Fang,Jinbao,https://orcid.org/0000-0002-5318-7476,Zhengzhou Fruit Research Institute; Chinese Academy of Agricultural Sciences,1422-0067
Qi,Xiujuan,NONE,Zhengzhou Fruit Research Institute; Chinese Academy of Agricultural Sciences,1422-0067
Lin,Miaomiao,https://orcid.org/0009-0007-6449-3923,Zhengzhou Fruit Research Institute; Chinese Academy of Agricultural Sciences,1422-0067
Zhong,Yunpeng,https://orcid.org/0000-0003-1251-6410,Zhengzhou Fruit Research Institute; Chinese Academy of Agricultural Sciences,1422-0067
Sun,Leiming,NONE,Chinese Academy of Agricultural Sciences; Zhengzhou Fruit Research Institute,1422-0067
Cui,Wen,https://orcid.org/0000-0002-2833-7444,Zhengzhou Fruit Research Institute; Chinese Academy of Agricultural Sciences,1422-0067
Guix,Francesc X.,https://orcid.org/0000-0001-5781-3799,Brigham and Women's Hospital; Harvard University,1422-0067
Corbett,Grant T.,https://orcid.org/0000-0003-3606-9686,Brigham and Women's Hospital; Harvard University,1422-0067
Cha,Diana,NONE,Brigham and Women's Hospital; Harvard University,1422-0067
Mustapić,Maja,https://orcid.org/0000-0003-0511-2047,National Institute on Aging,1422-0067
Liu,Wen,https://orcid.org/0000-0003-3434-4162,Brigham and Women's Hospital; Harvard University,1422-0067
Mengel,David,https://orcid.org/0000-0002-4133-7182,Brigham and Women's Hospital; Harvard University,1422-0067
Chen,Zhicheng,https://orcid.org/0000-0002-0099-3941,Brigham and Women's Hospital; Harvard University,1422-0067
Aïkawa,Elena,https://orcid.org/0000-0001-7835-2135,Brigham and Women's Hospital; Harvard University,1422-0067
Young‐Pearse,Tracy L.,https://orcid.org/0000-0001-7846-1542,Brigham and Women's Hospital; Harvard University,1422-0067
Kapogiannis,Dimitrios,https://orcid.org/0000-0003-2181-3118,National Institute on Aging,1422-0067
Selkoe,Dennis J.,https://orcid.org/0000-0001-8846-9767,Brigham and Women's Hospital; Harvard University,1422-0067
Walsh,Dominic M.,https://orcid.org/0000-0002-0718-6261,Brigham and Women's Hospital; Harvard University,1422-0067
Barbagallo,Davide,https://orcid.org/0000-0001-5331-4554,University of Catania,1422-0067
Caponnetto,A,https://orcid.org/0009-0009-0959-3133,University of Catania,1422-0067
Cirnigliaro,Matilde,https://orcid.org/0000-0001-6151-330X,University of Catania,1422-0067
Brex,Duilia,NONE,University of Catania,1422-0067
Barbagallo,Cristina,https://orcid.org/0000-0002-6769-4516,University of Catania,1422-0067
D’Angeli,Floriana,https://orcid.org/0000-0002-1831-0432,University of Catania,1422-0067
Morrone,Antonio,NONE,University of Catania,1422-0067
Caltabiano,Rosario,https://orcid.org/0000-0001-8591-8010,University of Catania,1422-0067
Barbagallo,Giuseppe,https://orcid.org/0000-0002-7760-6700,University of Catania,1422-0067
Ragusa,Marco,https://orcid.org/0000-0002-4282-920X,University of Catania,1422-0067
Pietro,Cinzia Di,https://orcid.org/0000-0002-6036-4469,University of Catania,1422-0067
Hansen,Thomas B.,https://orcid.org/0000-0002-7573-9657,Aarhus University,1422-0067
Purrello,Michele,https://orcid.org/0000-0001-8873-3660,University of Catania,1422-0067
Ferreon,Josephine C.,https://orcid.org/0000-0002-3175-5700,Baylor College of Medicine,1422-0067
Jain,Antrix,https://orcid.org/0000-0002-2815-3645,Baylor College of Medicine,1422-0067
Choi,Kyoung‐Jae,NONE,Baylor College of Medicine,1422-0067
Tsoi,Phoebe S.,https://orcid.org/0000-0001-8160-5607,Baylor College of Medicine,1422-0067
MacKenzie,Kevin R.,https://orcid.org/0000-0001-9620-5868,Baylor College of Medicine,1422-0067
Jung,Sung Yun,https://orcid.org/0000-0003-1521-7977,Baylor College of Medicine,1422-0067
Ferreon,Allan Chris M.,https://orcid.org/0000-0002-8538-1732,Baylor College of Medicine,1422-0067
Dong,Wan‐Lin,NONE,Northwest University; Ministry of Education of the People's Republic of China,1422-0067
Wang,Ruonan,https://orcid.org/0000-0003-2849-3559,Ministry of Education of the People's Republic of China; Northwest University,1422-0067
Zhang,Na-Yao,NONE,Ministry of Education of the People's Republic of China; Northwest University,1422-0067
Fan,Wei-Bing,NONE,Ministry of Education of the People's Republic of China; Northwest University,1422-0067
Fang,Minfeng,https://orcid.org/0000-0003-0839-0595,Ministry of Education of the People's Republic of China; Northwest University,1422-0067
Li,Zhong‐Hu,https://orcid.org/0000-0001-6763-5586,Ministry of Education of the People's Republic of China; Northwest University,1422-0067
González-Montoya,Marcela,NONE,Instituto Politécnico Nacional,1422-0067
Hernández‐Ledesma,Blanca,https://orcid.org/0000-0001-7192-6044,Instituto de Investigación en Ciencias de la Alimentación; Universidad Autónoma de Madrid,1422-0067
Mora‐Escobedo,Rosalva,https://orcid.org/0000-0003-3197-1187,Instituto Politécnico Nacional,1422-0067
Martínez‐Villaluenga,Cristina,https://orcid.org/0000-0002-1155-6464,Instituto de Ciencia y Tecnología de Alimentos y Nutrición,1422-0067
Alarfaj,Nawal Ahmad,NONE,King Saud University,1422-0067
El‐Tohamy,Maha F.,https://orcid.org/0000-0001-9793-7761,King Saud University; Zagazig University,1422-0067
Oraby,Hesham F.,https://orcid.org/0000-0003-4675-3297,Zagazig University,1422-0067
Gurunathan,Sangiliyandi,https://orcid.org/0000-0001-9924-8433,Konkuk University,1422-0067
Qasim,Muhammad,https://orcid.org/0000-0003-0279-5305,Konkuk University,1422-0067
Park,Chanhyeok,https://orcid.org/0000-0002-3809-0326,Konkuk University,1422-0067
Yoo,Hyunjin,https://orcid.org/0000-0002-3367-0938,Konkuk University,1422-0067
Kim,Jin‐Hoi,https://orcid.org/0000-0003-1232-5307,Konkuk University,1422-0067
Hong,Kwonho,https://orcid.org/0000-0001-7479-4091,Konkuk University,1422-0067
Fehlbaum,Sophie,https://orcid.org/0000-0001-6561-5135,NONE,1422-0067
Prudence,Kevin,NONE,NONE,1422-0067
Kieboom,Jasper,NONE,Netherlands Organisation for Applied Scientific Research,1422-0067
Heerikhuisen,Margreet,NONE,Netherlands Organisation for Applied Scientific Research,1422-0067
Broek,Tim van den,https://orcid.org/0000-0002-7082-2179,Netherlands Organisation for Applied Scientific Research,1422-0067
Schuren,Frank,https://orcid.org/0000-0001-6982-5340,Netherlands Organisation for Applied Scientific Research,1422-0067
Steinert,Robert E.,https://orcid.org/0000-0001-7884-5036,NONE,1422-0067
Raederstorff,Daniel,NONE,NONE,1422-0067
Mińkiewicz,Piotr,https://orcid.org/0000-0003-0481-1196,University of Warmia and Mazury in Olsztyn,1422-0067
Iwaniak,Anna,https://orcid.org/0000-0001-5068-0428,University of Warmia and Mazury in Olsztyn,1422-0067
Darewicz,Małgorzata,https://orcid.org/0000-0001-6084-1985,University of Warmia and Mazury in Olsztyn,1422-0067
Veillet,Florian,https://orcid.org/0000-0002-6892-6825,Institut Agro Rennes-Angers; Institut de Génétique Environnement et Protection des Plantes,1422-0067
Perrot,Laura,https://orcid.org/0000-0003-1149-4504,Genetics and Improvement of Fruit and Vegetables,1422-0067
Chauvin,Laura,https://orcid.org/0000-0001-5898-0134,Institut de Génétique Environnement et Protection des Plantes; Institut Agro Rennes-Angers,1422-0067
Kermarrec,Marie-Paule,NONE,Institut Agro Rennes-Angers; Institut de Génétique Environnement et Protection des Plantes,1422-0067
Guyon‐Debast,Anouchka,https://orcid.org/0000-0003-3489-1035,Institut Jean-Pierre Bourgin,1422-0067
Chauvin,Jean-Éric,NONE,Institut Agro Rennes-Angers; Institut de Génétique Environnement et Protection des Plantes,1422-0067
Nogué,Fabien,https://orcid.org/0000-0003-0619-4638,Institut Jean-Pierre Bourgin,1422-0067
Mazier,Marianne,https://orcid.org/0000-0002-1441-6897,Genetics and Improvement of Fruit and Vegetables,1422-0067
Wang,Jia,https://orcid.org/0000-0002-3739-8994,Dalian Medical University,1422-0067
Zhang,Cuili,https://orcid.org/0000-0001-5351-509X,Dalian Medical University,1422-0067
Guo,Chunmei,https://orcid.org/0000-0001-8765-0054,Dalian Medical University,1422-0067
Li,Xinli,https://orcid.org/0000-0002-8032-9943,Dalian Medical University,1422-0067
Siddiqui,Manzer H.,https://orcid.org/0000-0003-2840-4608,King Saud University,1422-0067
Alamri,Saud,NONE,King Saud University,1422-0067
Al-Khaishany,Mutahhar Y.,NONE,King Saud University,1422-0067
Khan,M. Nasir,https://orcid.org/0000-0003-3039-0305,University of Tabuk,1422-0067
Alamri,Abdullah,https://orcid.org/0000-0002-3045-1350,King Saud University,1422-0067
Ali,Hayssam M.,https://orcid.org/0000-0001-6801-4263,King Saud University,1422-0067
Alaraidh,Ibrahim A.,NONE,King Saud University,1422-0067
Alsahli,Abdulaziz Abdullah,https://orcid.org/0000-0002-4972-7396,King Saud University,1422-0067
Cheng,Shu‐Chen,https://orcid.org/0000-0002-5219-7461,Chang Gung Memorial Hospital; Chang Gung University,1422-0067
Huang,Wen‐Chung,https://orcid.org/0000-0001-7141-8971,Chang Gung University of Science and Technology; Chang Gung Memorial Hospital,1422-0067
Pang,Jong‐Hwei S.,https://orcid.org/0000-0003-3432-0208,Chang Gung Memorial Hospital; Chang Gung University,1422-0067
Wu,Yi-Hong,NONE,Chang Gung University; Chang Gung Memorial Hospital,1422-0067
Cheng,Ching‐Yi,https://orcid.org/0000-0002-3250-7397,Chang Gung University of Science and Technology; Chang Gung Memorial Hospital,1422-0067
Yu,Ruiqing,NONE,Sun Yat-sen University,1422-0067
Li,Qimeng,https://orcid.org/0000-0003-1163-3295,Sun Yat-sen University,1422-0067
Feng,Zhihui,https://orcid.org/0000-0002-2448-6565,Sun Yat-sen University,1422-0067
Cai,Luhui,NONE,Sun Yat-sen University,1422-0067
Xu,Qiong,https://orcid.org/0000-0002-7448-6723,Sun Yat-sen University,1422-0067
Chávez-Carbajal,Alejandra,https://orcid.org/0000-0001-6305-7555,Instituto Politécnico Nacional; Center for Research and Advanced Studies of the National Polytechnic Institute,1422-0067
Nirmalkar,Khemlal,https://orcid.org/0000-0001-6732-9175,Instituto Politécnico Nacional; Center for Research and Advanced Studies of the National Polytechnic Institute,1422-0067
Pérez‐Lizaur,Ana Bertha,NONE,Ibero American University,1422-0067
Hernández-Quiroz,Fernando,NONE,Instituto Politécnico Nacional; Center for Research and Advanced Studies of the National Polytechnic Institute,1422-0067
Ramírez-del-Alto,Silvia,NONE,Ibero American University,1422-0067
García‐Mena,Jaime,https://orcid.org/0000-0002-0595-3711,Instituto Politécnico Nacional; Center for Research and Advanced Studies of the National Polytechnic Institute,1422-0067
Hernández‐Guerrero,César,https://orcid.org/0000-0002-1196-5073,Ibero American University,1422-0067
Winand,Raf,https://orcid.org/0000-0002-4685-8585,Sciensano (Belgium),1422-0067
Bogaerts,Bert,https://orcid.org/0000-0003-2806-4033,Sciensano (Belgium),1422-0067
Hoffman,Stefan,NONE,Sciensano (Belgium),1422-0067
Lefevre,Loïc,NONE,Sciensano (Belgium),1422-0067
Delvoye,Maud,NONE,Sciensano (Belgium),1422-0067
Braekel,Julien Van,NONE,Sciensano (Belgium),1422-0067
Fu,Qiang,https://orcid.org/0000-0002-5957-2236,Sciensano (Belgium),1422-0067
Roosens,Nancy H. C.,https://orcid.org/0000-0001-9218-078X,Sciensano (Belgium),1422-0067
Keersmaecker,Sigrid C. J. De,https://orcid.org/0000-0003-4198-4133,Sciensano (Belgium),1422-0067
Vanneste,Kevin,https://orcid.org/0009-0000-4051-0628,Sciensano (Belgium),1422-0067
Lee,Yu‐Chieh,https://orcid.org/0000-0002-1125-5469,Taipei Medical University Hospital,1422-0067
Chan,Ya-Hui,https://orcid.org/0000-0003-1234-4866,Taipei Medical University,1422-0067
Hsieh,Sung‐Chih,https://orcid.org/0000-0003-1627-1844,Taipei Medical University,1422-0067
Lew,Wei-Zhen,NONE,Taipei Medical University,1422-0067
Feng,Sheng‐Wei,https://orcid.org/0000-0001-6637-7044,Taipei Medical University; Taipei Medical University Hospital,1422-0067
Boopathi,Vinothini,https://orcid.org/0000-0003-3684-9594,Kyung Hee University,1422-0067
Subramaniyam,Sathiyamoorthy,https://orcid.org/0000-0002-6890-6437,Insilicogen (South Korea),1422-0067
Malik,Adeel,https://orcid.org/0000-0002-3453-6001,Chungnam National University,1422-0067
Lee,Gwang,https://orcid.org/0000-0002-1299-9478,Ajou University,1422-0067
Manavalan,Balachandran,https://orcid.org/0000-0003-0697-9419,Ajou University,1422-0067
Yang,Deok‐Chun,https://orcid.org/0000-0003-2394-4728,Kyung Hee University,1422-0067
Pawełczyk,Konrad,https://orcid.org/0000-0001-8275-7266,Wroclaw Medical University,1422-0067
Piotrowska,Aleksandra,https://orcid.org/0000-0003-4093-7386,Wroclaw Medical University,1422-0067
Ciesielska,Urszula,https://orcid.org/0000-0002-2770-6746,Wroclaw Medical University,1422-0067
Jabłońska,Karolina,https://orcid.org/0000-0002-7989-3264,Wroclaw Medical University,1422-0067
Glatzel-Plucińska,Natalia,https://orcid.org/0000-0001-6901-1240,Wroclaw Medical University,1422-0067
Grzegrzółka,Jędrzej,https://orcid.org/0000-0002-1548-279X,Wroclaw Medical University,1422-0067
Podhorska‐Okołów,Marzenna,https://orcid.org/0000-0003-2215-5997,Wroclaw Medical University,1422-0067
Dzięgiel,Piotr,https://orcid.org/0000-0002-8292-1385,Wroclaw Medical University; University School of Physical Education in Wroclaw,1422-0067
Nowińska,Katarzyna,https://orcid.org/0000-0001-8316-8893,Wroclaw Medical University,1422-0067
Liu,Ke,https://orcid.org/0000-0001-8151-4326,NONE,1422-0067
Sun,Xiangyan,https://orcid.org/0000-0003-0230-8925,NONE,1422-0067
Jia,Lei,https://orcid.org/0000-0003-3721-1998,Amgen (United States),1422-0067
Ma,Jun,https://orcid.org/0000-0002-6645-0579,NONE,1422-0067
Xing,Haoming,NONE,NONE,1422-0067
Wu,Junqiu,NONE,NONE,1422-0067
Gao,Hua,https://orcid.org/0000-0002-1326-6946,Amgen (United States),1422-0067
Sun,Yax,NONE,Amgen (United States),1422-0067
Boulnois,Florian,NONE,Amgen (United States),1422-0067
Fan,Jie,https://orcid.org/0000-0002-2252-2323,NONE,1422-0067
Jalanka,Jonna,https://orcid.org/0000-0002-3847-8136,University of Nottingham; University of Helsinki; Nottingham University Hospitals NHS Trust; Nottingham Biomedical Research Centre,1422-0067
Major,Giles,https://orcid.org/0000-0001-7944-3709,Nottingham University Hospitals NHS Trust; Nottingham Biomedical Research Centre; University of Nottingham,1422-0067
Murray,Kathryn,https://orcid.org/0000-0003-3403-1035,Nottingham University Hospitals NHS Trust; Nottingham Biomedical Research Centre; University of Nottingham,1422-0067
Singh,Gulzar,NONE,Nottingham University Hospitals NHS Trust; Nottingham Biomedical Research Centre; University of Nottingham,1422-0067
Nowak,Adam,NONE,Nottingham University Hospitals NHS Trust; University of Nottingham,1422-0067
Kurtz,Caroline,https://orcid.org/0000-0001-7192-6116,Synlogic (United States),1422-0067
Silos‐Santiago,Inmaculada,NONE,DecImmune Therapeutics (United States),1422-0067
Johnston,Jeffrey M.,NONE,Ironwood Pharmaceuticals (United States),1422-0067
Vos,Willem M. de,https://orcid.org/0000-0002-0273-3166,Wageningen University & Research,1422-0067
Spiller,Robert E.,https://orcid.org/0000-0001-6371-4500,Nottingham University Hospitals NHS Trust; University of Nottingham; Nottingham Biomedical Research Centre,1422-0067
Castrogiovanni,Paola,https://orcid.org/0000-0001-5873-2456,University of Catania,1422-0067
Rosa,Michelino Di,https://orcid.org/0000-0002-1837-9325,University of Catania,1422-0067
Ravalli,Silvia,https://orcid.org/0000-0003-3358-1086,University of Catania,1422-0067
Castorina,Alessandro,https://orcid.org/0000-0001-7037-759X,University of Technology Sydney; University of Sydney,1422-0067
Guglielmino,Claudia,NONE,University of Catania,1422-0067
Imbesi,Rosa,https://orcid.org/0000-0003-4228-4163,University of Catania,1422-0067
Vecchio,Michele,https://orcid.org/0000-0001-5254-3283,University of Catania,1422-0067
Drago,Filippo,https://orcid.org/0000-0003-2887-5223,University of Catania,1422-0067
Szychlinska,Marta Anna,https://orcid.org/0000-0001-5281-1516,University of Catania,1422-0067
Musumeci,Giuseppe,https://orcid.org/0000-0002-8260-8890,University of Catania,1422-0067
Lux,Alexander,https://orcid.org/0000-0001-8651-8166,Klinik und Poliklinik für Psychotherapie und Psychosomatik; University Hospital Carl Gustav Carus,1422-0067
Kahlert,Christoph,https://orcid.org/0000-0003-4124-7918,Klinik und Poliklinik für Psychotherapie und Psychosomatik; University Hospital Carl Gustav Carus,1422-0067
Grützmann,Robert,https://orcid.org/0000-0003-2559-0476,Universitätsklinikum Erlangen,1422-0067
Pilarsky,Christian,https://orcid.org/0000-0002-7968-3283,Universitätsklinikum Erlangen,1422-0067
Beaurivage,Claudia,https://orcid.org/0000-0001-8614-4635,Galapagos (Netherlands); University of Sheffield,1422-0067
Naumovska,Elena,https://orcid.org/0000-0003-3963-1195,University of Sheffield; Mimetas (Netherlands),1422-0067
Chang,Yee,NONE,Galapagos (Netherlands),1422-0067
Elstak,Edo,https://orcid.org/0000-0003-2484-6601,Galapagos (Netherlands),1422-0067
Nicolas,Arnaud,https://orcid.org/0000-0001-9333-770X,Mimetas (Netherlands),1422-0067
Wouters,Heidi,NONE,Galapagos (Netherlands),1422-0067
Moolenbroek,Guido T. van,https://orcid.org/0000-0003-2460-0003,Mimetas (Netherlands),1422-0067
Lanz,Henriëtte L.,https://orcid.org/0000-0002-4087-0313,Mimetas (Netherlands),1422-0067
Trietsch,Sebastiaan J.,https://orcid.org/0000-0003-1000-4139,Mimetas (Netherlands),1422-0067
Joore,Jos,https://orcid.org/0000-0002-2744-4862,Mimetas (Netherlands),1422-0067
Vulto,Paul,https://orcid.org/0000-0002-1525-1545,Mimetas (Netherlands),1422-0067
Janssen,Richard A. J.,NONE,Galapagos (Netherlands),1422-0067
Erdmann,Kai S.,https://orcid.org/0000-0002-3893-7734,University of Sheffield,1422-0067
Stallen,Jan,NONE,Galapagos (Netherlands),1422-0067
Kurek,Dorota,https://orcid.org/0000-0002-7168-8944,Mimetas (Netherlands),1422-0067
Sagaradze,Georgy,https://orcid.org/0000-0003-2551-5118,Lomonosov Moscow State University,1422-0067
Grigorieva,Olga,https://orcid.org/0000-0003-2954-2420,Lomonosov Moscow State University,1422-0067
Nimiritsky,Peter,https://orcid.org/0000-0003-2263-2239,Lomonosov Moscow State University,1422-0067
Basalova,Nataliya,https://orcid.org/0000-0002-2597-8879,Lomonosov Moscow State University,1422-0067
Kalinina,Natalia,https://orcid.org/0000-0003-3497-9619,Lomonosov Moscow State University,1422-0067
Akopyan,Zhanna,https://orcid.org/0000-0002-0989-7825,Lomonosov Moscow State University,1422-0067
Efimenko,Anastasia,https://orcid.org/0000-0002-0696-1369,Lomonosov Moscow State University,1422-0067
Anada,Takahisa,https://orcid.org/0000-0001-8254-4199,Kyushu University; Tohoku University; Stanford University,1422-0067
Pan,Chi-Chun,NONE,Stanford University,1422-0067
Stahl,Alexander M.,https://orcid.org/0000-0002-4768-7319,Stanford University,1422-0067
Mori,Satomi,NONE,Tohoku University,1422-0067
Fukuda,Junji,https://orcid.org/0000-0002-7194-8099,Yokohama National University,1422-0067
Suzuki,Osamu,https://orcid.org/0000-0002-3566-5681,Tohoku University,1422-0067
Yang,Yunzhi,https://orcid.org/0000-0002-3891-0574,Stanford University,1422-0067
Quiterio-Gutiérrez,Tomasa,NONE,Universidad Autónoma Agraria Antonio Narro,1422-0067
Ortega‐Ortíz,Hortensia,https://orcid.org/0000-0002-8869-6385,NONE,1422-0067
Cadenas‐Pliego,Gregorio,https://orcid.org/0000-0002-2692-4995,NONE,1422-0067
Hernández-Fuentes,Alma Delia,https://orcid.org/0000-0003-2592-6689,Universidad Autónoma del Estado de Hidalgo,1422-0067
Sandoval-Rangel,Alberto,https://orcid.org/0000-0003-4651-7980,Universidad Autónoma Agraria Antonio Narro,1422-0067
Benavides‐Mendoza,Adalberto,https://orcid.org/0000-0002-2729-4315,Universidad Autónoma Agraria Antonio Narro,1422-0067
Fuente,Marcelino Cabrera-De la,https://orcid.org/0000-0002-3292-2793,Universidad Autónoma Agraria Antonio Narro,1422-0067
Juárez‐Maldonado,Antonio,https://orcid.org/0000-0003-3061-2297,Universidad Autónoma Agraria Antonio Narro,1422-0067
Sprouse,Marc L.,NONE,Houston Methodist,1422-0067
Welte,Thomas,https://orcid.org/0000-0003-4396-7249,Houston Methodist,1422-0067
Boral,Debasish,https://orcid.org/0000-0001-9505-9811,Houston Methodist,1422-0067
Liu,Haowen N.,NONE,Houston Methodist,1422-0067
Yin,Wei,https://orcid.org/0000-0001-8948-781X,Houston Methodist,1422-0067
Vishnoi,Monika,https://orcid.org/0000-0002-3934-7285,Houston Methodist,1422-0067
Goswami-Sewell,Debalina,NONE,Houston Methodist,1422-0067
Li,Lili,https://orcid.org/0000-0003-0552-7250,Houston Methodist,1422-0067
Pei,Guangsheng,https://orcid.org/0000-0003-1804-7598,The University of Texas Health Science Center at Houston,1422-0067
Jia,Peilin,https://orcid.org/0000-0003-4523-4153,The University of Texas Health Science Center at Houston,1422-0067
Glitza-Oliva,Isabella,NONE,The University of Texas MD Anderson Cancer Center,1422-0067
Marchetti,Dario,https://orcid.org/0000-0002-5951-2823,Houston Methodist; Methodist Hospital,1422-0067
Gemmati,Donato,https://orcid.org/0000-0001-6213-6120,University of Ferrara,1422-0067
Bramanti,Barbara,https://orcid.org/0000-0002-5433-663X,University of Ferrara,1422-0067
Serino,Maria Luisa,NONE,University of Ferrara,1422-0067
Secchiero,Paola,https://orcid.org/0000-0003-4101-7987,University of Ferrara,1422-0067
Zauli,Giorgio,https://orcid.org/0000-0002-3750-8698,University of Ferrara,1422-0067
Tisato,Veronica,https://orcid.org/0000-0001-8448-066X,University of Ferrara,1422-0067
Banks,William A.,https://orcid.org/0000-0002-0496-3619,Geriatric Research Education and Clinical Center; University of Puget Sound; University of Washington,1422-0067
Sharma,Priyanka,https://orcid.org/0000-0001-9270-8492,University of Pittsburgh; UPMC Hillman Cancer Center,1422-0067
Bullock,Kristin M.,NONE,University of Washington,1422-0067
Hansen,Kim M.,NONE,University of Washington,1422-0067
Ludwig,Nils,https://orcid.org/0000-0001-5561-2184,University of Pittsburgh; UPMC Hillman Cancer Center,1422-0067
Whiteside,Theresa L.,https://orcid.org/0000-0001-7316-6181,University of Pittsburgh; UPMC Hillman Cancer Center,1422-0067
Gornowicz,Agnieszka,https://orcid.org/0000-0002-0945-7870,Medical University of Białystok,1422-0067
Szymanowska,Anna,https://orcid.org/0000-0003-4783-3336,Medical University of Białystok,1422-0067
Mojzych,Mariusz,https://orcid.org/0000-0002-9884-6068,University of Siedlce,1422-0067
Bielawski,Krzysztof,https://orcid.org/0000-0003-3187-4205,Medical University of Białystok,1422-0067
Bielawska,Anna,https://orcid.org/0000-0001-9164-8440,Medical University of Białystok,1422-0067
Sarasamma,Sreeja,https://orcid.org/0000-0002-8576-0097,Chung Yuan Christian University,1422-0067
Audira,Gilbert,https://orcid.org/0000-0002-9985-6524,Chung Yuan Christian University,1422-0067
Siregar,Petrus,https://orcid.org/0000-0003-4066-0874,Chung Yuan Christian University,1422-0067
Malhotra,Nemi,https://orcid.org/0000-0002-5920-0803,Chung Yuan Christian University,1422-0067
Lai,Yu‐Heng,https://orcid.org/0000-0001-7855-0633,Chinese Culture University,1422-0067
Liang,Sung‐Tzu,https://orcid.org/0000-0002-4068-4430,Chung Yuan Christian University,1422-0067
Chen,Jung‐Ren,https://orcid.org/0000-0002-7889-9699,I-Shou University,1422-0067
Chen,Kelvin H.‐C.,https://orcid.org/0000-0002-2709-2633,National Pingtung University,1422-0067
Hsiao,Chung‐Der,https://orcid.org/0000-0002-6398-8672,Chung Yuan Christian University,1422-0067
Silva,Joyce Kelly R. da,https://orcid.org/0000-0002-9351-876X,Universidade Federal do Pará,1422-0067
Figueiredo,Pablo Luis B.,https://orcid.org/0000-0003-1365-3513,Universidade do Estado do Pará,1422-0067
Byler,Kendall,NONE,University of Alabama in Huntsville,1422-0067
Setzer,William N.,https://orcid.org/0000-0002-3639-0528,University of Alabama in Huntsville; Aromatic Plant Research Center,1422-0067
Vignera,Sandro La,https://orcid.org/0000-0002-7113-2372,University of Catania,1422-0067
Cannarella,Rossella,https://orcid.org/0000-0003-4599-8487,University of Catania,1422-0067
Condorelli,Rosita A.,https://orcid.org/0000-0002-5217-9343,University of Catania,1422-0067
Torre,Francesco,NONE,University of Catania,1422-0067
Aversa,Antônio,https://orcid.org/0000-0002-2989-2618,Magna Graecia University,1422-0067
Calogero,Aldo E.,https://orcid.org/0000-0001-6950-335X,University of Catania,1422-0067
Ransy,Céline,NONE,Institut Cochin; Université Paris Cité; Inserm; Centre National de la Recherche Scientifique,1422-0067
Vaz,Clément,NONE,Institut Cochin; Université Paris Cité; Inserm; Centre National de la Recherche Scientifique,1422-0067
Lombès,Anne,https://orcid.org/0000-0002-9064-0399,Institut Cochin; Université Paris Cité; Inserm; Centre National de la Recherche Scientifique,1422-0067
Bouillaud,Frédéric,https://orcid.org/0000-0002-7518-9237,Institut Cochin; Université Paris Cité; Inserm; Centre National de la Recherche Scientifique,1422-0067
Lu,Renfei,https://orcid.org/0000-0002-4980-3539,Nantong University,1422-0067
Wu,Xiuming,https://orcid.org/0000-0003-2644-1069,Institut Pasteur of Shanghai; Chinese Academy of Sciences,1422-0067
Wan,Zhenzhou,https://orcid.org/0000-0001-9624-4226,Taizhou Fourth People's Hospital,1422-0067
Li,Yingxue,https://orcid.org/0000-0002-3605-2975,Institut Pasteur of Shanghai; Chinese Academy of Sciences,1422-0067
Jin,Xia,https://orcid.org/0000-0002-4185-1966,Shanghai Public Health Clinical Center,1422-0067
Zhang,Chiyu,https://orcid.org/0000-0001-8735-9857,Institut Pasteur of Shanghai; Chinese Academy of Sciences,1422-0067
Hagar,Mohamed,https://orcid.org/0000-0003-0169-7738,Yanbu University College; Taibah University; Alexandria University,1422-0067
Ahmed,Hoda A.,https://orcid.org/0000-0003-3966-7024,Cairo University,1422-0067
Aljohani,Ghadah,https://orcid.org/0000-0003-0406-416X,Taibah University,1422-0067
Alhaddad,Omaima A.,NONE,Taibah University,1422-0067
Barberis,E.,https://orcid.org/0000-0002-2296-9766,Università degli Studi del Piemonte Orientale “Amedeo Avogadro”,1422-0067
Timo,Sara,https://orcid.org/0000-0001-9993-0483,Università degli Studi del Piemonte Orientale “Amedeo Avogadro”,1422-0067
Amede,Elia,NONE,Università degli Studi del Piemonte Orientale “Amedeo Avogadro”,1422-0067
Vanella,Virginia Vita,NONE,Università degli Studi del Piemonte Orientale “Amedeo Avogadro”,1422-0067
Puricelli,Chiara,https://orcid.org/0000-0002-0416-6687,Università degli Studi del Piemonte Orientale “Amedeo Avogadro”,1422-0067
Cappellano,Giuseppe,https://orcid.org/0000-0001-5193-4688,Università degli Studi del Piemonte Orientale “Amedeo Avogadro”,1422-0067
Raineri,Davide,https://orcid.org/0000-0003-3327-6305,Università degli Studi del Piemonte Orientale “Amedeo Avogadro”,1422-0067
Cittone,Micol Giulia,https://orcid.org/0000-0003-4400-1526,Università degli Studi del Piemonte Orientale “Amedeo Avogadro”; Azienda Ospedaliero Universitaria Maggiore della Carita,1422-0067
Rizzi,Eleonora,https://orcid.org/0000-0001-9615-2452,Università degli Studi del Piemonte Orientale “Amedeo Avogadro”; Azienda Ospedaliero Universitaria Maggiore della Carita,1422-0067
Pedrinelli,Anita Rebecca,https://orcid.org/0000-0001-8390-9532,Università degli Studi del Piemonte Orientale “Amedeo Avogadro”; Azienda Ospedaliero Universitaria Maggiore della Carita,1422-0067
Vassia,Veronica,https://orcid.org/0000-0002-7097-0710,Università degli Studi del Piemonte Orientale “Amedeo Avogadro”; Azienda Ospedaliero Universitaria Maggiore della Carita,1422-0067
Casciaro,Giuseppe Francesco,https://orcid.org/0000-0003-1420-4058,Università degli Studi del Piemonte Orientale “Amedeo Avogadro”; Azienda Ospedaliero Universitaria Maggiore della Carita,1422-0067
Priora,Simona,NONE,Università degli Studi del Piemonte Orientale “Amedeo Avogadro”; Azienda Ospedaliero Universitaria Maggiore della Carita,1422-0067
Nerici,Ilaria,https://orcid.org/0000-0002-3713-4550,Università degli Studi del Piemonte Orientale “Amedeo Avogadro”; Azienda Ospedaliero Universitaria Maggiore della Carita,1422-0067
Galbiati,Alessandra,https://orcid.org/0000-0003-4511-5365,Università degli Studi del Piemonte Orientale “Amedeo Avogadro”; Azienda Ospedaliero Universitaria Maggiore della Carita,1422-0067
Hayden,Eyal,https://orcid.org/0000-0003-3246-8145,Università degli Studi del Piemonte Orientale “Amedeo Avogadro”; Azienda Ospedaliero Universitaria Maggiore della Carita,1422-0067
Falasca,Marco,https://orcid.org/0000-0002-9801-7235,Curtin University,1422-0067
Vaschetto,Rosanna,https://orcid.org/0000-0003-4625-4367,Università degli Studi del Piemonte Orientale “Amedeo Avogadro”,1422-0067
Sainaghi,Pier Paolo,https://orcid.org/0000-0001-8322-9158,Azienda Ospedaliero Universitaria Maggiore della Carita; Università degli Studi del Piemonte Orientale “Amedeo Avogadro”,1422-0067
Dianzani,Umberto,https://orcid.org/0000-0001-6723-3931,Università degli Studi del Piemonte Orientale “Amedeo Avogadro”,1422-0067
Rolla,Roberta,https://orcid.org/0000-0003-0805-8285,Università degli Studi del Piemonte Orientale “Amedeo Avogadro”,1422-0067
Chiocchetti,Annalisa,https://orcid.org/0000-0002-4349-1087,Università degli Studi del Piemonte Orientale “Amedeo Avogadro”,1422-0067
Baldanzi,Gianluca,https://orcid.org/0000-0002-1370-9903,Università degli Studi del Piemonte Orientale “Amedeo Avogadro”,1422-0067
Marengo,Emílio,https://orcid.org/0000-0002-9395-7375,Università degli Studi del Piemonte Orientale “Amedeo Avogadro”,1422-0067
Manfredi,Marcello,https://orcid.org/0000-0003-0632-5618,Università degli Studi del Piemonte Orientale “Amedeo Avogadro”,1422-0067
Huq,Md. Amdadul,https://orcid.org/0000-0002-4831-6368,Chung-Ang University,1422-0067
Sakaguchi,Wakako,https://orcid.org/0000-0002-6365-0209,Kanagawa Dental University,1422-0067
Kubota,Nobuhisa,NONE,Kanagawa Dental University,1422-0067
Shimizu,Tomoko,https://orcid.org/0009-0006-0532-767X,Kanagawa Dental University,1422-0067
Saruta,Juri,https://orcid.org/0000-0002-7566-3330,Kanagawa Dental University,1422-0067
Fuchida,Shinya,NONE,Kanagawa Dental University,1422-0067
Kawata,Akira,NONE,Kanagawa Dental University,1422-0067
Yamamoto,Yuko,https://orcid.org/0000-0003-1724-0425,Kanagawa Dental University,1422-0067
Sugimoto,Masahiro,https://orcid.org/0000-0003-3316-2543,Tokyo Medical University,1422-0067
Yakeishi,Mayumi,NONE,Kanagawa Dental University,1422-0067
Tsukinoki,Keiichi,https://orcid.org/0000-0002-0005-2615,Kanagawa Dental University,1422-0067
Bzówka,Maria,https://orcid.org/0000-0001-6802-8753,Silesian University of Technology,1422-0067
Mitusińska,Karolina,https://orcid.org/0000-0002-0183-0845,Silesian University of Technology,1422-0067
Raczyńska,Agata,https://orcid.org/0000-0002-1884-3669,Silesian University of Technology,1422-0067
Samol,Aleksandra,https://orcid.org/0000-0002-6372-8125,Silesian University of Technology,1422-0067
Tuszyński,Jack A.,https://orcid.org/0000-0001-9976-0429,University of Alberta; Polytechnic University of Turin,1422-0067
Góra,Artur,https://orcid.org/0000-0003-2530-6957,Silesian University of Technology,1422-0067
Bustin,Stephen A.,https://orcid.org/0000-0003-1870-6098,Anglia Ruskin University,1422-0067
Nolan,Tania,NONE,University of Manchester,1422-0067
Oshi,Masanori,https://orcid.org/0000-0002-1404-1570,Roswell Park Comprehensive Cancer Center; Yokohama City University,1422-0067
Asaoka,Mariko,https://orcid.org/0000-0002-4573-4572,Roswell Park Comprehensive Cancer Center; Tokyo Medical University,1422-0067
Tokumaru,Yoshihisa,https://orcid.org/0000-0003-2481-7739,Roswell Park Comprehensive Cancer Center; Gifu University,1422-0067
Yan,Li,https://orcid.org/0000-0002-4792-9998,Roswell Park Comprehensive Cancer Center,1422-0067
Matsuyama,Ryusei,https://orcid.org/0000-0001-5131-0023,Yokohama City University,1422-0067
Ishikawa,Takashi,https://orcid.org/0000-0003-3450-4533,Tokyo Medical University,1422-0067
Endo,Itaru,https://orcid.org/0000-0001-5520-8114,Yokohama City University,1422-0067
Takabe,Kazuaki,https://orcid.org/0000-0002-6435-4241,Roswell Park Comprehensive Cancer Center; Yokohama City University; Tokyo Medical University; Niigata University; Fukushima Medical University; University at Buffalo State University of New York; Jacobs (United States),1422-0067
Fischer,André,https://orcid.org/0000-0002-6386-2324,University of Basel,1422-0067
Sellner,Manuel,https://orcid.org/0000-0003-3961-0175,University of Basel,1422-0067
Neranjan,Santhosh,https://orcid.org/0000-0002-2944-652X,University of Basel,1422-0067
Smieško,Martin,https://orcid.org/0000-0003-2758-2680,University of Basel,1422-0067
Lill,Markus A.,https://orcid.org/0000-0003-3023-5188,University of Basel,1422-0067
Jawhara,Samir,https://orcid.org/0000-0002-2759-975X,Inserm; Centre National de la Recherche Scientifique; Unité de Glycobiologie Structurale et Fonctionnelle; Université de Lille,1422-0067
Gimeno,Aleix,https://orcid.org/0000-0002-7654-6689,Universidad Rovira i Virgili,1422-0067
Mestres‐Truyol,Júlia,https://orcid.org/0000-0002-8552-5281,Universidad Rovira i Virgili,1422-0067
Ojeda,María José,https://orcid.org/0000-0002-9290-1935,Median SCP (Spain),1422-0067
Macip,Guillem,https://orcid.org/0000-0003-4016-5558,Universidad Rovira i Virgili,1422-0067
Saldivar‐Espinoza,Bryan,https://orcid.org/0000-0002-9667-2818,Universidad Rovira i Virgili,1422-0067
Cereto‐Massagué,Adrià,https://orcid.org/0000-0002-9319-6377,Universidad Rovira i Virgili,1422-0067
Pujadas,Gerard,https://orcid.org/0000-0003-2598-8089,Universidad Rovira i Virgili; Technological Center of Nutrition and Health,1422-0067
Garcı́a-Vallvé,Santiago,https://orcid.org/0000-0002-0348-7497,Universidad Rovira i Virgili; Technological Center of Nutrition and Health,1422-0067
Costa,Filipe,NONE,Instituto de Física Fundamental; Consejo Superior de Investigaciones Científicas,1422-0067
Traoré-Dubuis,Ali,https://orcid.org/0000-0003-1951-4848,Instituto de Física Fundamental; Consejo Superior de Investigaciones Científicas; Cheikh Anta Diop University,1422-0067
Álvarez,L.,NONE,Instituto de Física Fundamental; Consejo Superior de Investigaciones Científicas,1422-0067
Lozano,Ana,https://orcid.org/0000-0003-4613-0372,Universidade Nova de Lisboa; Instituto de Física Fundamental; Consejo Superior de Investigaciones Científicas,1422-0067
Ren,Xueguang,https://orcid.org/0000-0001-6132-092X,Max Planck Institute for Nuclear Physics,1422-0067
Dorn,Alexander,https://orcid.org/0000-0002-8024-224X,Max Planck Institute for Nuclear Physics,1422-0067
Limão-Vieira,P.,https://orcid.org/0000-0003-2696-1152,Cheikh Anta Diop University,1422-0067
Blanco,F.,https://orcid.org/0000-0003-4332-434X,Universidad Complutense de Madrid,1422-0067
Oller,J. C.,https://orcid.org/0000-0002-2754-2788,Centro de Investigaciones Energéticas Medioambientales y Tecnológicas,1422-0067
Muñoz,A.,https://orcid.org/0000-0002-0621-0127,Centro de Investigaciones Energéticas Medioambientales y Tecnológicas,1422-0067
García-Abenza,Adrián,https://orcid.org/0000-0003-3843-0578,Instituto de Física Fundamental; Consejo Superior de Investigaciones Científicas,1422-0067
Gorfinkiel,Jimena D.,https://orcid.org/0000-0001-9264-3932,The Open University,1422-0067
Barbosa,Alessandra Souza,https://orcid.org/0000-0001-7989-1878,Universidade Federal do Paraná,1422-0067
Bettega,M. H. F.,https://orcid.org/0000-0001-9322-1360,Universidade Federal do Paraná,1422-0067
Stokes,Peter W.,https://orcid.org/0000-0002-0956-5927,James Cook University,1422-0067
White,Ronald D.,https://orcid.org/0000-0001-5353-7440,James Cook University,1422-0067
Jones,D. B.,https://orcid.org/0000-0001-7425-7157,Flinders University,1422-0067
Brunger,M. J.,https://orcid.org/0000-0002-7743-2990,Flinders University; UCSI University,1422-0067
Garcı́a,G.,https://orcid.org/0000-0003-4033-4518,University of Wollongong; Instituto de Física Fundamental; Consejo Superior de Investigaciones Científicas,1422-0067
Chang,Ching-Wei,NONE,National Yang Ming Chiao Tung University; Mackay Memorial Hospital; Mackay Medical College; Mackay Junior College of Medicine Nursing and Management,1422-0067
Lee,Hung-Chang,NONE,Mackay Memorial Hospital; Mackay Medical College; Mackay Junior College of Medicine Nursing and Management,1422-0067
Li,Li-Hui,NONE,Mackay Memorial Hospital,1422-0067
Chiau,Jen‐Shiu Chiang,https://orcid.org/0000-0002-3680-5703,Mackay Memorial Hospital,1422-0067
Wang,Tsang-En,NONE,Mackay Memorial Hospital; Mackay Medical College; Mackay Junior College of Medicine Nursing and Management,1422-0067
Chuang,Wei-Hung,NONE,National Yang Ming Chiao Tung University,1422-0067
Chen,Ming-Jen,NONE,Mackay Memorial Hospital; Mackay Medical College; Mackay Junior College of Medicine Nursing and Management,1422-0067
Wang,Horng-Yuan,NONE,Mackay Memorial Hospital; Mackay Medical College; Mackay Junior College of Medicine Nursing and Management,1422-0067
Shih,Shou-Chuan,NONE,Mackay Junior College of Medicine Nursing and Management; Mackay Memorial Hospital; Mackay Medical College,1422-0067
Liu,Chia-Yuan,https://orcid.org/0000-0002-5660-719X,National Yang Ming Chiao Tung University; Mackay Memorial Hospital; Mackay Medical College; Mackay Junior College of Medicine Nursing and Management,1422-0067
Tsai,Tung‐Hu,https://orcid.org/0000-0002-9007-2547,National Yang Ming Chiao Tung University; National United University,1422-0067
Chen,Yu-Jen,https://orcid.org/0000-0001-9794-8938,Mackay Memorial Hospital; Mackay Medical College; Mackay Junior College of Medicine Nursing and Management; National Yang Ming Chiao Tung University,1422-0067
Bartha,Áron,https://orcid.org/0000-0003-0395-243X,Semmelweis University; HUN-REN Research Centre for Natural Sciences,1422-0067
Győrffy,Balázs,https://orcid.org/0000-0002-5772-3766,Semmelweis University; HUN-REN Research Centre for Natural Sciences,1422-0067
Ghasemi,Mahshid,https://orcid.org/0000-0002-3967-3451,University of South Australia,1422-0067
Turnbull,Tyron,https://orcid.org/0000-0001-6044-9705,University of South Australia,1422-0067
Sebastian,Sonia,https://orcid.org/0000-0002-0412-0195,University of South Australia,1422-0067
Kempson,Ivan M.,https://orcid.org/0000-0002-3886-9516,University of South Australia,1422-0067
Nasiri‐Ansari,Narjes,https://orcid.org/0000-0002-0116-693X,National and Kapodistrian University of Athens,1422-0067
Nikolopoulou,Chrysa,NONE,National and Kapodistrian University of Athens,1422-0067
Papoutsi,Katerina,NONE,National and Kapodistrian University of Athens,1422-0067
Kyrou,Ioannis,https://orcid.org/0000-0002-6997-3439,University Hospitals Coventry and Warwickshire NHS Trust; Aston University; University of Warwick,1422-0067
Mantzoros,Christos S.,https://orcid.org/0000-0003-3755-8158,Beth Israel Deaconess Medical Center; Harvard University; VA Boston Healthcare System,1422-0067
Kyriakopoulos,Georgios,https://orcid.org/0000-0002-5853-5361,National and Kapodistrian University of Athens; Evangelismos Hospital,1422-0067
Chatzigeorgiou,Antonios,https://orcid.org/0000-0002-7039-4223,National and Kapodistrian University of Athens,1422-0067
Kalotychou,Vassiliki,NONE,Laiko General Hospital of Athens; National and Kapodistrian University of Athens,1422-0067
Randeva,Manpal S.,NONE,NONE,1422-0067
Chatha,Kamaljit,https://orcid.org/0000-0002-9562-9180,University Hospitals Coventry and Warwickshire NHS Trust,1422-0067
Kontzoglou,Konstantinos,https://orcid.org/0000-0003-3383-0636,National and Kapodistrian University of Athens,1422-0067
Kaltsas,Gregory,https://orcid.org/0000-0002-5876-7883,Laiko General Hospital of Athens; National and Kapodistrian University of Athens,1422-0067
Papavassiliou,Athanasios G.,https://orcid.org/0000-0001-5803-4527,National and Kapodistrian University of Athens,1422-0067
Randeva,Harpal S.,https://orcid.org/0000-0001-9438-7506,University Hospitals Coventry and Warwickshire NHS Trust; University of Warwick,1422-0067
Kassi,Eva,https://orcid.org/0000-0001-7491-2297,National and Kapodistrian University of Athens; Laiko General Hospital of Athens,1422-0067
Gozalbo‐Rovira,Roberto,https://orcid.org/0000-0003-3427-3800,Universitat de València; Instituto de Agroquímica y Tecnología de Alimentos,1422-0067
Rubio‐del‐Campo,Antonio,https://orcid.org/0000-0002-8482-2778,Universitat de València; Instituto de Agroquímica y Tecnología de Alimentos,1422-0067
Santiso-Bellón,Cristina,https://orcid.org/0000-0003-1698-5062,Universitat de València,1422-0067
Vila-Vicent,Susana,NONE,Universitat de València,1422-0067
Buesa,Javier,https://orcid.org/0000-0002-3328-3428,Universitat de València; Hospital Clínico Universitario de Valencia; INCLIVA Health Research Institute,1422-0067
Delgado,Susana,https://orcid.org/0000-0002-1081-2614,Instituto de Productos Lácteos de Asturias,1422-0067
Molinero,Natalia,https://orcid.org/0000-0002-9710-7335,Instituto de Productos Lácteos de Asturias,1422-0067
Margollés,Abelardo,https://orcid.org/0000-0003-2278-1816,Instituto de Productos Lácteos de Asturias,1422-0067
Yebra,Marı́a J.,https://orcid.org/0000-0003-4638-986X,Instituto de Agroquímica y Tecnología de Alimentos,1422-0067
Collado,María Carmen,https://orcid.org/0000-0002-6204-4864,Instituto de Agroquímica y Tecnología de Alimentos,1422-0067
Monedero,Vicente,https://orcid.org/0000-0001-7461-8047,Instituto de Agroquímica y Tecnología de Alimentos,1422-0067
Rodrı́guez-Dı́az,Jesús,https://orcid.org/0000-0002-9698-7684,Universitat de València; INCLIVA Health Research Institute; Hospital Clínico Universitario de Valencia,1422-0067
Pomatto,Margherita Alba Carlotta,https://orcid.org/0000-0002-5388-7798,University of Turin,1422-0067
Gai,Chiara,https://orcid.org/0000-0002-3443-7417,University of Turin,1422-0067
Negro,Federica,NONE,NONE,1422-0067
Cedrino,Massimo,NONE,University of Turin,1422-0067
Grange,Cristina,https://orcid.org/0000-0002-6960-5476,University of Turin,1422-0067
Ceccotti,Elena,https://orcid.org/0000-0003-2704-5738,University of Turin,1422-0067
Togliatto,Gabriele,https://orcid.org/0000-0002-3123-7823,University of Turin,1422-0067
Collino,Federica,https://orcid.org/0000-0002-3619-7701,Ospedale Maggiore; Fondazione IRCCS Ca' Granda Ospedale Maggiore Policlinico,1422-0067
Tapparo,Marta,https://orcid.org/0000-0003-0206-6866,University of Turin,1422-0067
Figliolini,Federico,https://orcid.org/0000-0002-6142-2261,University of Turin,1422-0067
Lopatina,Tatiana,https://orcid.org/0000-0002-8198-8887,University of Turin,1422-0067
Brizzi,Maria Felice,https://orcid.org/0000-0003-0944-6992,University of Turin,1422-0067
Camussi,Giovanni,https://orcid.org/0000-0003-2795-232X,University of Turin,1422-0067
Raval,Nakul Ravi,https://orcid.org/0000-0001-5637-7219,Copenhagen University Hospital; Rigshospitalet; University of Copenhagen,1422-0067
Johansen,Annette,https://orcid.org/0000-0003-0264-2368,Copenhagen University Hospital; Rigshospitalet; University of Copenhagen,1422-0067
Donovan,Lene Lundgaard,NONE,Copenhagen University Hospital; Rigshospitalet; University of Copenhagen,1422-0067
Ros,Nídia Fernandez,NONE,Copenhagen University Hospital; Rigshospitalet,1422-0067
Ozenne,Brice,https://orcid.org/0000-0001-9694-2956,Copenhagen University Hospital; Rigshospitalet; University of Copenhagen,1422-0067
Hansen,Hanne D.,https://orcid.org/0000-0001-5564-7627,Harvard University; Copenhagen University Hospital; Rigshospitalet; Athinoula A. Martinos Center for Biomedical Imaging; Massachusetts General Hospital,1422-0067
Knudsen,Gitte M.,https://orcid.org/0000-0003-1508-6866,Copenhagen University Hospital; Rigshospitalet; University of Copenhagen,1422-0067
Shin,Sungho,https://orcid.org/0000-0002-4206-1229,Korea Institute of Science and Technology; Kyung Hee University,1422-0067
Lee,Jeongmin,https://orcid.org/0000-0003-3983-3950,Samsung Medical Center,1422-0067
Kwon,Yumi,https://orcid.org/0000-0003-0523-6197,Korea Institute of Science and Technology,1422-0067
Park,Kang-Sik,NONE,Kyung Hee University,1422-0067
Jeong,Jae‐Hoon,NONE,Korea Institute of Radiological and Medical Sciences,1422-0067
Choi,Suk‐Joo,https://orcid.org/0000-0002-8946-4789,Samsung Medical Center; Sungkyunkwan University,1422-0067
Bang,Sa Ik,https://orcid.org/0000-0001-5487-8300,Samsung Medical Center; Sungkyunkwan University,1422-0067
Chang,Jong Wook,https://orcid.org/0000-0001-9335-5510,Samsung Medical Center,1422-0067
Lee,Cheolju,https://orcid.org/0000-0001-8482-4696,Korea Institute of Science and Technology; Kyung Hee University; Korea University of Science and Technology; Bio-Medical Science (South Korea),1422-0067
Pozo‐Acebo,Lorena del,https://orcid.org/0000-0003-0673-6329,Madrid Institute for Advanced Studies; Universidad Autónoma de Madrid,1422-0067
Hazas,María‐Carmen López de las,https://orcid.org/0000-0001-8199-6724,Madrid Institute for Advanced Studies; Universidad Autónoma de Madrid,1422-0067
Tomé‐Carneiro,João,https://orcid.org/0000-0002-3597-9234,Madrid Institute for Advanced Studies; Universidad Autónoma de Madrid,1422-0067
Gil-Cabrerizo,Paula,https://orcid.org/0000-0003-1118-969X,Universidad Autónoma de Madrid; Madrid Institute for Advanced Studies,1422-0067
San‐Cristobal,Rodrigo,https://orcid.org/0000-0001-8054-6553,Madrid Institute for Advanced Studies; Universidad Autónoma de Madrid,1422-0067
Busto,Rebeca,https://orcid.org/0000-0001-9869-4087,Hospital Universitario Ramón y Cajal; Instituto Ramón y Cajal de Investigación Sanitaria; Instituto de Salud Carlos III,1422-0067
García‐Ruiz,Almudena,NONE,Madrid Institute for Advanced Studies; Universidad Autónoma de Madrid,1422-0067
Dávalos,Alberto,https://orcid.org/0000-0001-5709-6443,Madrid Institute for Advanced Studies; Universidad Autónoma de Madrid,1422-0067
Abdollahi,Zahra,https://orcid.org/0000-0002-4711-4510,Damghan University,1422-0067
Zare‬,Ehsan Nazarzadeh,https://orcid.org/0000-0002-0446-4385,Damghan University,1422-0067
Salimi,Fatemeh,https://orcid.org/0000-0002-8771-5337,Damghan University,1422-0067
Goudarzi,Iran,https://orcid.org/0000-0002-6665-3202,Damghan University,1422-0067
Tay,Franklin R.,https://orcid.org/0000-0003-3769-0626,The Graduate Center CUNY; Augusta University,1422-0067
Makvandi,Pooyan,https://orcid.org/0000-0003-2456-0961,Piaggio (Italy); Piaggio Aerospace (Italy); Italian Institute of Technology,1422-0067
Badhan,Sapna,NONE,RMIT University,1422-0067
Ball,Andrew S.,https://orcid.org/0000-0003-2387-968X,RMIT University,1422-0067
Mantri,Nitin,https://orcid.org/0000-0002-7621-035X,RMIT University,1422-0067
Ahmad,Sheikh Bilal,https://orcid.org/0000-0002-6360-8457,Ajou University,1422-0067
Batool,Maria,https://orcid.org/0000-0003-0331-1317,Ajou University,1422-0067
Ain,Quratul,NONE,Ajou University,1422-0067
Kim,Moon Suk,https://orcid.org/0000-0002-6689-1825,Ajou University,1422-0067
Choi,Sangdun,https://orcid.org/0000-0001-5920-7848,Ajou University,1422-0067
Woith,Eric,https://orcid.org/0000-0003-3457-0338,Freie Universität Berlin,1422-0067
Guerriero,Gea,https://orcid.org/0000-0001-6586-6997,Luxembourg Institute of Science and Technology,1422-0067
Hausman,Jean-François,https://orcid.org/0000-0001-6103-7817,Luxembourg Institute of Science and Technology,1422-0067
Renaut,Jenny,https://orcid.org/0000-0002-0450-3866,Luxembourg Institute of Science and Technology,1422-0067
Leclercq,Céline C.,https://orcid.org/0000-0003-0565-4591,Luxembourg Institute of Science and Technology,1422-0067
Weise,Christoph,https://orcid.org/0000-0002-5507-4694,Freie Universität Berlin,1422-0067
Legay,Sylvain,https://orcid.org/0000-0002-2057-7443,Luxembourg Institute of Science and Technology,1422-0067
Weng,Alexander,https://orcid.org/0000-0003-1640-2189,Freie Universität Berlin,1422-0067
Melzig,Matthias F.,NONE,Freie Universität Berlin,1422-0067
Khan,Shakeel Ahmad,https://orcid.org/0000-0003-0967-3079,City University of Hong Kong,1422-0067
Shahid,Sammia,https://orcid.org/0000-0001-7525-1881,University of Management and Technology,1422-0067
Hanif,Sadaf,NONE,University of Management and Technology,1422-0067
Almoallim,Hesham S.,NONE,King Saud University,1422-0067
Alharbi,Sulaiman Ali,https://orcid.org/0000-0002-4196-2746,King Saud University,1422-0067
Sellami,H.,https://orcid.org/0000-0001-5479-1707,Centre de Recherches et des Technologies des Eaux; University of Carthage,1422-0067
Velasco,Brenda,https://orcid.org/0000-0001-5211-0461,Universidad de Guadalajara; Universidade de Santiago de Compostela,1422-0067
Diaz‐Vidal,Tania,https://orcid.org/0000-0001-9110-5147,Universidad de Guadalajara,1422-0067
Rosales-Rivera,Luis Carlos,https://orcid.org/0000-0002-1637-0642,Universidad de Guadalajara,1422-0067
García‐González,Carlos A.,https://orcid.org/0000-0001-9542-3679,Universidade de Santiago de Compostela,1422-0067
Alvarez‐Lorenzo,Carmen,https://orcid.org/0000-0002-8546-7085,Universidade de Santiago de Compostela,1422-0067
Al‐Modlej,Abeer,https://orcid.org/0000-0001-6715-9516,King Saud University,1422-0067
Domínguez-Arca,Vicente,https://orcid.org/0000-0002-3500-5915,Universidade de Santiago de Compostela,1422-0067
Prieto,Gerardo,https://orcid.org/0000-0002-3010-7197,Universidade de Santiago de Compostela,1422-0067
Barbosa,Sílvia,https://orcid.org/0000-0003-1831-1686,Universidade de Santiago de Compostela,1422-0067
Soltero,J. F. A.,https://orcid.org/0000-0001-7793-8070,Universidad de Guadalajara,1422-0067
Taboada,Pablo,https://orcid.org/0000-0002-2903-7857,Universidade de Santiago de Compostela,1422-0067
Raza,Ali,https://orcid.org/0000-0002-5120-2791,Oil Crops Research Institute; Chinese Academy of Agricultural Sciences,1422-0067
Su,Wei,https://orcid.org/0000-0003-1289-4403,Oil Crops Research Institute; Chinese Academy of Agricultural Sciences,1422-0067
Gao,Ang,https://orcid.org/0000-0002-4317-5367,Oil Crops Research Institute; Chinese Academy of Agricultural Sciences,1422-0067
Mehmood,Sundas Saher,https://orcid.org/0000-0003-2677-1439,Oil Crops Research Institute; Chinese Academy of Agricultural Sciences,1422-0067
Hussain,Muhammad Azhar,https://orcid.org/0000-0001-7308-9235,Oil Crops Research Institute; Chinese Academy of Agricultural Sciences,1422-0067
Nie,Wenlong,NONE,NONE,1422-0067
Lv,Yan,https://orcid.org/0000-0001-6983-5848,Oil Crops Research Institute; Chinese Academy of Agricultural Sciences,1422-0067
Zou,Xiling,https://orcid.org/0000-0002-1193-4146,Oil Crops Research Institute; Chinese Academy of Agricultural Sciences,1422-0067
Zhang,Xuekun,https://orcid.org/0000-0002-7867-1811,Yangtze University,1422-0067
Pramanik,Dibyajyoti,https://orcid.org/0000-0002-7996-1124,Gyeongsang National University,1422-0067
Shelake,Rahul Mahadev,https://orcid.org/0000-0003-0691-560X,Gyeongsang National University,1422-0067
Park,Jiyeon,https://orcid.org/0000-0002-6316-2715,Pusan National University,1422-0067
Kim,Mi Jung,https://orcid.org/0000-0003-1582-3643,Gyeongsang National University,1422-0067
Hwang,Indeok,NONE,NONE,1422-0067
Park,Young-Hoon,https://orcid.org/0000-0003-4016-8652,Pusan National University,1422-0067
Kim,Jae‐Yean,https://orcid.org/0000-0002-1180-6232,Gyeongsang National University,1422-0067
Le,Nguyen Quoc Khanh,https://orcid.org/0000-0003-4896-7926,Taipei Medical University; Taipei Medical University Hospital,1422-0067
Kha,Quang Hien,https://orcid.org/0000-0002-7676-3843,Taipei Medical University,1422-0067
Hiệp,Nguyễn Văn,https://orcid.org/0000-0002-3390-7923,Taipei Medical University,1422-0067
Chen,Yung-Chieh,https://orcid.org/0000-0002-0333-428X,Taipei Medical University Hospital,1422-0067
Cheng,Sho‐Jen,NONE,Taipei Medical University Hospital,1422-0067
Chen,Cheng‐Yu,https://orcid.org/0000-0003-0428-4373,Taipei Medical University; Taipei Medical University Hospital,1422-0067
Delpiano,Giulia Rossella,https://orcid.org/0000-0003-2691-1526,NONE,1422-0067
Tocco,Davide,https://orcid.org/0000-0001-7364-9167,NONE,1422-0067
Medda,Luca,NONE,Scuola Normale Superiore; National Enterprise for NanoScience and NanoTechnology,1422-0067
Magner,Edmond,https://orcid.org/0000-0003-2042-556X,University of Limerick,1422-0067
Salis,Andrea,https://orcid.org/0000-0001-5746-2693,Consorzio Interuniversitario per lo Sviluppo dei Sistemi a Grande Interfase; University of Cagliari,1422-0067
Li,Gen,https://orcid.org/0000-0002-6862-5547,Clemson University,1422-0067
Panday,Shailesh Kumar,https://orcid.org/0000-0003-3099-8679,Clemson University,1422-0067
Alexov,Emil,https://orcid.org/0000-0001-5346-0156,Clemson University,1422-0067
Šimunková,Miriama,https://orcid.org/0000-0002-4035-4140,Slovak University of Technology in Bratislava,1422-0067
Barbieriková,Zuzana,NONE,Slovak University of Technology in Bratislava,1422-0067
Jomová,Klaudia,https://orcid.org/0000-0003-1836-4913,Constantine the Philosopher University in Nitra,1422-0067
Hudecová,Lenka,https://orcid.org/0000-0002-1463-2274,Constantine the Philosopher University in Nitra,1422-0067
Lauro,Peter,https://orcid.org/0000-0003-4717-0149,Constantine the Philosopher University in Nitra,1422-0067
Alwasel,Saleh,https://orcid.org/0000-0002-0626-2306,King Saud University,1422-0067
Alhazza,Ibrahim M.,https://orcid.org/0000-0003-0058-1629,King Saud University,1422-0067
Rhodes,Christopher J.,https://orcid.org/0000-0002-2929-4466,NONE,1422-0067
Valko,Marián,https://orcid.org/0000-0001-7483-0267,King Saud University,1422-0067
Dziedzic,Ewelina A.,https://orcid.org/0000-0002-9912-3240,Uczelnia Łazarskiego; Postgraduate School of Molecular Medicine,1422-0067
Gąsior,Jakub S.,https://orcid.org/0000-0002-2009-2200,Medical University of Warsaw,1422-0067
Tuzimek,Agnieszka,https://orcid.org/0000-0002-7476-7023,Postgraduate School of Molecular Medicine,1422-0067
Paleczny,Justyna,https://orcid.org/0000-0002-8783-7123,Wroclaw Medical University,1422-0067
Junka,Adam,https://orcid.org/0000-0002-7559-8903,Wroclaw Medical University,1422-0067
Dąbrowski,Marek,https://orcid.org/0000-0003-1692-8578,NONE,1422-0067
Jankowski,Piotr,https://orcid.org/0000-0001-6223-8821,Postgraduate School of Molecular Medicine,1422-0067
Wilson,Carter J.,https://orcid.org/0000-0002-8992-6269,Western University,1422-0067
Choy,Wing‐Yiu,https://orcid.org/0000-0002-2124-7278,Western University,1422-0067
Karttunen,Mikko,https://orcid.org/0000-0002-8626-3033,Western University,1422-0067
Bragina,Maiia E.,NONE,University of Lausanne; SIB Swiss Institute of Bioinformatics; Ludwig Cancer Research,1422-0067
Daina,Antoine,https://orcid.org/0000-0002-0074-7601,SIB Swiss Institute of Bioinformatics; University of Lausanne,1422-0067
Perez,Marta A. S.,NONE,SIB Swiss Institute of Bioinformatics; University of Lausanne,1422-0067
Michielin,Olivier,https://orcid.org/0000-0003-4926-6355,SIB Swiss Institute of Bioinformatics; University of Lausanne; University Hospital of Lausanne,1422-0067
Zoete,Vincent,https://orcid.org/0000-0002-2336-6537,University of Lausanne; SIB Swiss Institute of Bioinformatics; Ludwig Cancer Research,1422-0067
Sim,Pivian,https://orcid.org/0000-0001-6297-3551,University of South Australia,1422-0067
Strudwick,Xanthe L.,https://orcid.org/0000-0002-8557-3857,University of South Australia,1422-0067
Song,Yunmei,https://orcid.org/0000-0003-0008-5895,University of South Australia,1422-0067
Cowin,Allison J.,https://orcid.org/0000-0003-2885-2080,University of South Australia,1422-0067
Garg,Sanjay,https://orcid.org/0000-0001-7253-2629,University of South Australia,1422-0067
Chludzinski,Elisa,NONE,University of Veterinary Medicine Hannover Foundation,1422-0067
Klemens,Johanna,NONE,University of Veterinary Medicine Hannover Foundation,1422-0067
Ciurkiewicz,Małgorzata,https://orcid.org/0000-0001-6277-7366,University of Veterinary Medicine Hannover Foundation,1422-0067
Geffers,Robert,https://orcid.org/0000-0003-4409-016X,Helmholtz Centre for Infection Research,1422-0067
Pöpperl,Pauline,NONE,University of Veterinary Medicine Hannover Foundation,1422-0067
Stoff,Melanie,https://orcid.org/0000-0002-8034-000X,University of Veterinary Medicine Hannover Foundation,1422-0067
Shin,Dai‐Lun,https://orcid.org/0000-0002-4449-436X,University of Veterinary Medicine Hannover Foundation,1422-0067
Herrler,Georg,https://orcid.org/0000-0002-5827-0957,University of Veterinary Medicine Hannover Foundation,1422-0067
Beineke,Andreas,https://orcid.org/0000-0003-2187-3436,University of Veterinary Medicine Hannover Foundation,1422-0067
Li,Tianyu,https://orcid.org/0000-0001-8470-8943,Kunming University,1422-0067
Pang,Haijun,https://orcid.org/0000-0002-0405-8352,Harbin University of Science and Technology,1422-0067
Wu,Qiong,https://orcid.org/0000-0001-7931-6750,Kunming University,1422-0067
Huang,Meifen,NONE,Kunming University,1422-0067
Xu,Jiajun,https://orcid.org/0000-0001-9191-0349,Kunming University,1422-0067
Zheng,Liping,https://orcid.org/0000-0003-4054-3483,Kunming University,1422-0067
Wang,Baoling,NONE,Kunming University,1422-0067
Qiao,Yong-Feng,https://orcid.org/0000-0002-0719-8940,Kunming University,1422-0067
Shi,Wenquan,NONE,Yunnan University,1422-0067
Han,Qiurui,NONE,Yunnan University,1422-0067
Wu,Jiajia,https://orcid.org/0000-0001-7180-0425,Yunnan University,1422-0067
Ji,Chunyu,https://orcid.org/0009-0009-0533-2489,Yunnan University,1422-0067
Zhou,Yiqun,https://orcid.org/0000-0002-6594-9925,University of Miami,1422-0067
Li,Shanghao,https://orcid.org/0000-0001-9095-1755,MP Biomedicals (United States),1422-0067
Gao,Lipeng,https://orcid.org/0000-0002-5680-6789,Yunnan University,1422-0067
Leblanc,Roger M.,https://orcid.org/0000-0001-8836-8042,University of Miami,1422-0067
Peng,Zhili,https://orcid.org/0000-0001-9688-7504,Yunnan University,1422-0067
Wu,Haili,https://orcid.org/0000-0003-3338-7822,Shanxi University,1422-0067
Du,Jin’e,NONE,Shanxi University,1422-0067
Li,Chenglu,NONE,Shanxi University,1422-0067
Li,Hanqing,https://orcid.org/0000-0002-8837-532X,Shanxi University,1422-0067
Guo,Huiqin,https://orcid.org/0000-0002-6498-4497,Shanxi University,1422-0067
Li,Zhuoyu,https://orcid.org/0000-0002-2378-1204,Shanxi University,1422-0067
Franco,Caterina,https://orcid.org/0000-0002-3973-0436,University of Brescia,1422-0067
Sciatti,Edoardo,https://orcid.org/0000-0002-3479-3454,Ospedale Papa Giovanni XXIII,1422-0067
Favero,Gaia,https://orcid.org/0000-0001-6895-7106,University of Brescia,1422-0067
Bonomini,Francesca,https://orcid.org/0000-0001-7210-0308,University of Brescia; Italian Society of Physiotherapy,1422-0067
Vizzardi,Enrico,https://orcid.org/0000-0002-3544-6104,University of Brescia,1422-0067
Rezzani,Rita,https://orcid.org/0000-0002-7515-5846,University of Brescia; Italian Society of Physiotherapy,1422-0067
Szewczykowski,Charlotte,NONE,Universitätsklinikum Erlangen; Friedrich-Alexander-Universität Erlangen-Nürnberg,1422-0067
Mardin,Christian Y.,https://orcid.org/0000-0002-3605-5906,Universitätsklinikum Erlangen; Friedrich-Alexander-Universität Erlangen-Nürnberg,1422-0067
Lucio,Marianna,https://orcid.org/0000-0002-5844-0098,Helmholtz Zentrum München,1422-0067
Wallukat,Gerd,NONE,Berlin Heart (Germany),1422-0067
Hoffmanns,Jakob,NONE,Universitätsklinikum Erlangen; Friedrich-Alexander-Universität Erlangen-Nürnberg,1422-0067
Schröder,Thora,NONE,Universitätsklinikum Erlangen; Friedrich-Alexander-Universität Erlangen-Nürnberg,1422-0067
Raith,Franziska,NONE,Universitätsklinikum Erlangen; Friedrich-Alexander-Universität Erlangen-Nürnberg,1422-0067
Rogge,Lennart,NONE,Universitätsklinikum Erlangen; Friedrich-Alexander-Universität Erlangen-Nürnberg,1422-0067
Heltmann,Felix,NONE,Universitätsklinikum Erlangen; Friedrich-Alexander-Universität Erlangen-Nürnberg,1422-0067
Moritz,Michael,https://orcid.org/0000-0001-8306-2941,Universitätsklinikum Erlangen; Friedrich-Alexander-Universität Erlangen-Nürnberg,1422-0067
Beitlich,Lorenz,NONE,Universitätsklinikum Erlangen; Friedrich-Alexander-Universität Erlangen-Nürnberg,1422-0067
Schottenhamml,Julia,https://orcid.org/0000-0002-9145-9102,Universitätsklinikum Erlangen; Friedrich-Alexander-Universität Erlangen-Nürnberg,1422-0067
Herrmann,Martin,https://orcid.org/0000-0002-0258-2484,Universitätsklinikum Erlangen; Friedrich-Alexander-Universität Erlangen-Nürnberg,1422-0067
Harrer,Thomas,https://orcid.org/0000-0001-6945-3241,Universitätsklinikum Erlangen; Friedrich-Alexander-Universität Erlangen-Nürnberg,1422-0067
Ganslmayer,Marion,NONE,Friedrich-Alexander-Universität Erlangen-Nürnberg,1422-0067
Kruse,Friedrich E.,NONE,Universitätsklinikum Erlangen; Friedrich-Alexander-Universität Erlangen-Nürnberg,1422-0067
Kräter,Martin,https://orcid.org/0000-0001-7122-7331,Max Planck Institute for the Science of Light,1422-0067
Guck,Jochen,https://orcid.org/0000-0002-1453-6119,Max Planck Institute for the Science of Light,1422-0067
Lämmer,Robert,NONE,Universitätsklinikum Erlangen; Friedrich-Alexander-Universität Erlangen-Nürnberg,1422-0067
Zenkel,Matthias,https://orcid.org/0000-0003-0141-120X,Universitätsklinikum Erlangen; Friedrich-Alexander-Universität Erlangen-Nürnberg,1422-0067
Gießl,Andreas,https://orcid.org/0000-0002-9768-2049,Universitätsklinikum Erlangen; Friedrich-Alexander-Universität Erlangen-Nürnberg,1422-0067
Hohberger,Bettina,NONE,Universitätsklinikum Erlangen; Friedrich-Alexander-Universität Erlangen-Nürnberg,1422-0067
Gautam,Harsha,https://orcid.org/0000-0002-4476-5676,Aligarh Muslim University,1422-0067
Fatma,Mehar,https://orcid.org/0000-0003-4569-2082,Aligarh Muslim University,1422-0067
Sehar,Zebus,https://orcid.org/0000-0001-8570-5947,Aligarh Muslim University,1422-0067
Iqbal,Noushina,https://orcid.org/0000-0002-6691-496X,Jamia Hamdard,1422-0067
Albaqami,Mohammed,https://orcid.org/0000-0003-0586-3350,Umm al-Qura University,1422-0067
Khan,Nafees A.,https://orcid.org/0000-0001-7957-5832,Aligarh Muslim University,1422-0067
Dippong,Thomas,https://orcid.org/0000-0002-4625-6525,Technical University of Cluj-Napoca,1422-0067
Levei,Erika Andrea,https://orcid.org/0000-0002-0145-0287,Research Institute for Analytical Instrumentation,1422-0067
Cadar,Oana,https://orcid.org/0000-0002-0879-9211,Research Institute for Analytical Instrumentation,1422-0067
Dippong,Thomas,https://orcid.org/0000-0002-4625-6525,Technical University of Cluj-Napoca,1422-0067
Levei,Erika Andrea,https://orcid.org/0000-0002-0145-0287,Research Institute for Analytical Instrumentation,1422-0067
Deac,Iosif Grigore,https://orcid.org/0000-0001-6394-3549,Babeș-Bolyai University,1422-0067
Petean,Ioan,https://orcid.org/0000-0003-3274-8817,Babeș-Bolyai University,1422-0067
Cadar,Oana,https://orcid.org/0000-0002-0879-9211,Research Institute for Analytical Instrumentation,1422-0067
Versele,Romain,https://orcid.org/0000-0001-6096-3122,Université d'Artois; UCLouvain,1422-0067
Sevin,Emmanuel,NONE,Université d'Artois,1422-0067
Gosselet,Fabien,https://orcid.org/0000-0002-0481-5026,Université d'Artois,1422-0067
Fénart,Laurence,https://orcid.org/0000-0001-9285-0579,Université d'Artois,1422-0067
Candela,Pietra,https://orcid.org/0000-0001-5153-0958,Université d'Artois,1422-0067
Lucarelli,Giuseppe,https://orcid.org/0000-0001-7807-1229,University of Bari Aldo Moro,1422-0067
Rutigliano,Monica,NONE,University of Bari Aldo Moro,1422-0067
Loizzo,Davide,https://orcid.org/0000-0003-2909-1447,University of Bari Aldo Moro,1422-0067
Meo,Nicola Antonio di,NONE,University of Bari Aldo Moro,1422-0067
Lasorsa,Francesco,https://orcid.org/0000-0001-8884-0757,University of Bari Aldo Moro,1422-0067
Mastropasqua,Mauro G.,https://orcid.org/0000-0002-8306-0839,University of Bari Aldo Moro,1422-0067
Maiorano,Eugenio,https://orcid.org/0000-0002-0472-5338,University of Bari Aldo Moro,1422-0067
Bizzoca,Cinzia,https://orcid.org/0000-0003-0410-0490,NONE,1422-0067
Vincenti,Leonardo,https://orcid.org/0000-0002-8330-7889,NONE,1422-0067
Battaglia,Michele,https://orcid.org/0000-0002-2453-2349,University of Bari Aldo Moro,1422-0067
Ditonno,Pasquale,https://orcid.org/0000-0001-7718-7676,University of Bari Aldo Moro,1422-0067
Cherif,Hosni,https://orcid.org/0000-0002-0703-3898,McGill University Health Centre,1422-0067
Mannarino,Matthew,https://orcid.org/0000-0001-7086-7396,McGill University Health Centre,1422-0067
Pacis,Alain,https://orcid.org/0000-0003-4883-6176,McGill Genome Centre; McGill University,1422-0067
Ragoussis,Jiannis,https://orcid.org/0000-0002-8515-0934,McGill Genome Centre; McGill University,1422-0067
Rabau,Oded,https://orcid.org/0000-0002-3169-6448,McGill University Health Centre; Montreal Children's Hospital; McGill University,1422-0067
Ouellet,Jean,https://orcid.org/0000-0003-0092-4935,McGill University Health Centre; Montreal Children's Hospital; McGill University,1422-0067
Haglund,Lisbet,https://orcid.org/0000-0002-1288-2149,McGill University Health Centre; Montreal Children's Hospital; McGill University,1422-0067
González‐Sarrías,Antonio,https://orcid.org/0000-0002-3407-0678,Centro de Edafología y Biología Aplicada del Segura,1422-0067
Iglesias‐Aguirre,Carlos E.,https://orcid.org/0000-0001-7164-7934,Centro de Edafología y Biología Aplicada del Segura,1422-0067
Cortés‐Martín,Adrián,https://orcid.org/0000-0001-5542-4984,Centro de Edafología y Biología Aplicada del Segura; APC Microbiome Institute; University College Cork,1422-0067
Vallejo,Fernando,https://orcid.org/0000-0003-3343-6479,Centro de Edafología y Biología Aplicada del Segura,1422-0067
Cattivelli,Alice,https://orcid.org/0000-0002-6841-3608,Centro de Edafología y Biología Aplicada del Segura; University of Modena and Reggio Emilia,1422-0067
Pozo‐Acebo,Lorena del,https://orcid.org/0000-0003-0673-6329,Madrid Institute for Advanced Studies; IMDEA Food; Universidad Autónoma de Madrid,1422-0067
Saz‐Lara,Andrea del,https://orcid.org/0000-0002-2264-6027,Madrid Institute for Advanced Studies; IMDEA Food; Universidad Autónoma de Madrid,1422-0067
Hazas,María‐Carmen López de las,https://orcid.org/0000-0001-8199-6724,Madrid Institute for Advanced Studies; IMDEA Food; Universidad Autónoma de Madrid,1422-0067
Dávalos,Alberto,https://orcid.org/0000-0001-5709-6443,Madrid Institute for Advanced Studies; IMDEA Food; Universidad Autónoma de Madrid,1422-0067
Espı́n,Juan Carlos,https://orcid.org/0000-0002-1068-8692,Centro de Edafología y Biología Aplicada del Segura,1422-0067
Zannella,Carla,https://orcid.org/0000-0001-7991-8700,"University of Campania ""Luigi Vanvitelli""",1422-0067
Chianese,Annalisa,https://orcid.org/0000-0002-1648-4519,"University of Campania ""Luigi Vanvitelli""",1422-0067
Palomba,Luciana,https://orcid.org/0000-0001-9359-0510,"University of Campania ""Luigi Vanvitelli""",1422-0067
Marcocci,Maria Elena,https://orcid.org/0000-0003-4751-4263,Istituto Pasteur; Sapienza University of Rome,1422-0067
Bellavita,Rosa,https://orcid.org/0000-0003-2163-5163,University of Naples Federico II,1422-0067
Merlino,Francesco,https://orcid.org/0000-0002-9607-229X,University of Naples Federico II,1422-0067
Grieco,Paolo,https://orcid.org/0000-0002-6854-8123,University of Naples Federico II,1422-0067
Folliero,Veronica,https://orcid.org/0000-0002-7406-9882,"University of Campania ""Luigi Vanvitelli""",1422-0067
Filippis,Anna De,https://orcid.org/0000-0002-0395-7962,"University of Campania ""Luigi Vanvitelli""",1422-0067
Mangoni,Maria Luisa,https://orcid.org/0000-0002-5991-5868,Istituto Pasteur; Sapienza University of Rome,1422-0067
Nencioni,Lucia,https://orcid.org/0000-0003-4427-4823,Istituto Pasteur; Sapienza University of Rome,1422-0067
Franci,Gianluigi,https://orcid.org/0000-0003-3321-4331,University of Salerno,1422-0067
Galdiero,Massimiliano,https://orcid.org/0000-0002-1576-6290,"University of Campania ""Luigi Vanvitelli""",1422-0067
Melikhova,Anastasia V.,NONE,Engelhardt Institute of Molecular Biology,1422-0067
Anashkina,Anastasia A.,https://orcid.org/0000-0003-1763-300X,Engelhardt Institute of Molecular Biology,1422-0067
Il’icheva,I. A.,https://orcid.org/0000-0002-8172-243X,Engelhardt Institute of Molecular Biology,1422-0067
Baumeier,Christian,NONE,CS Diagnostics,1422-0067
Aleshcheva,Ganna,NONE,CS Diagnostics,1422-0067
Harms,Dominik,https://orcid.org/0000-0003-0729-7321,CS Diagnostics,1422-0067
Groß,Ulrich,https://orcid.org/0000-0003-2544-8218,CS Diagnostics,1422-0067
Hamm,Christian W.,https://orcid.org/0000-0001-6763-4161,Kerckhoff Klinik; Universitätsklinikum Gießen und Marburg,1422-0067
Aßmus,Birgit,https://orcid.org/0000-0003-2658-6444,Universitätsklinikum Gießen und Marburg,1422-0067
Westenfeld,Ralf,https://orcid.org/0000-0001-7058-3051,Heinrich Heine University Düsseldorf,1422-0067
Kelm,Malte,https://orcid.org/0000-0003-0060-1052,Heinrich Heine University Düsseldorf,1422-0067
Rammos,S,https://orcid.org/0000-0003-4813-5580,Onassis Cardiac Surgery Center,1422-0067
Wenzel,Philip,https://orcid.org/0000-0002-5397-2781,University Medical Center of the Johannes Gutenberg University Mainz; Johannes Gutenberg University Mainz,1422-0067
Münzel,Thomas,NONE,University Medical Center of the Johannes Gutenberg University Mainz; Johannes Gutenberg University Mainz,1422-0067
Elsässer,Albrecht,NONE,Klinikum Oldenburg,1422-0067
Gailani,Mudather,NONE,NONE,1422-0067
Perings,Christian,https://orcid.org/0000-0002-3252-1885,St. Marien Hospital,1422-0067
Bourakkadi,Alae,NONE,Gemeinschaftsklinikum Mittelrhein,1422-0067
Flesch,Markus,NONE,Marienkrankenhaus Hamburg,1422-0067
Kempf,Tibor,https://orcid.org/0000-0001-6901-8442,Medizinische Hochschule Hannover,1422-0067
Bauersachs,Johann,https://orcid.org/0000-0002-9341-117X,Medizinische Hochschule Hannover,1422-0067
Escher,Felicitas,https://orcid.org/0000-0003-0678-5681,Charité - Universitätsmedizin Berlin; German Centre for Cardiovascular Research; CS Diagnostics,1422-0067
Schultheiß,Heinz‐Peter,https://orcid.org/0000-0002-2185-3710,CS Diagnostics,1422-0067
Sæbø,Ingvill,NONE,Oslo University Hospital; University of Oslo,1422-0067
Bjørås,Magnar,https://orcid.org/0000-0001-8759-1170,University of Oslo; Norwegian University of Science and Technology; Oslo University Hospital,1422-0067
Franzyk,Henrik,https://orcid.org/0000-0002-2822-1927,University of Copenhagen,1422-0067
Helgesen,Emily,https://orcid.org/0000-0002-3992-7394,University of Oslo; Norwegian University of Science and Technology; Oslo University Hospital,1422-0067
Booth,James A.,https://orcid.org/0000-0001-9452-3424,Oslo University Hospital; University of Oslo; Norwegian University of Science and Technology,1422-0067
Huo,Shengqi,https://orcid.org/0000-0002-7820-4076,Huazhong University of Science and Technology; Tongji Hospital,1422-0067
Wang,Qian,https://orcid.org/0000-0002-8108-7739,Huazhong University of Science and Technology; Tongji Hospital,1422-0067
Shi,Wei,https://orcid.org/0000-0002-9667-8419,Huazhong University of Science and Technology; Tongji Hospital,1422-0067
Peng,Lulu,https://orcid.org/0000-0002-2318-5955,Huazhong University of Science and Technology; Tongji Hospital,1422-0067
Jiang,Yue,https://orcid.org/0000-0002-7725-272X,Huazhong University of Science and Technology; Tongji Hospital,1422-0067
Zhu,Mengying,NONE,Tongji Hospital; Huazhong University of Science and Technology,1422-0067
Guo,Junyi,NONE,Huazhong University of Science and Technology; Tongji Hospital,1422-0067
Peng,Dewei,https://orcid.org/0000-0002-9333-4362,Huazhong University of Science and Technology; Tongji Hospital,1422-0067
Wang,Moran,https://orcid.org/0000-0001-7019-0768,Huazhong University of Science and Technology; Tongji Hospital,1422-0067
Men,Lintong,https://orcid.org/0000-0001-6796-0952,Huazhong University of Science and Technology; Tongji Hospital,1422-0067
Huang,Bingyu,https://orcid.org/0000-0001-6357-160X,Tongji Hospital; Huazhong University of Science and Technology,1422-0067
Lv,Jiagao,https://orcid.org/0000-0003-4737-1338,Huazhong University of Science and Technology; Tongji Hospital,1422-0067
Li,Lin,https://orcid.org/0000-0003-0426-6546,Huazhong University of Science and Technology; Tongji Hospital,1422-0067
Motelică,Ludmila,https://orcid.org/0000-0002-3371-4136,Universitatea Națională de Știință și Tehnologie Politehnica București,1422-0067
Oprea,Ovidiu,https://orcid.org/0000-0002-8145-1094,Universitatea Națională de Știință și Tehnologie Politehnica București; Academy of Romanian Scientists,1422-0067
Vasile,Bogdan Ştefan,https://orcid.org/0000-0002-2267-6453,Universitatea Națională de Știință și Tehnologie Politehnica București,1422-0067
Ficai,Anton,https://orcid.org/0000-0002-1777-0525,Universitatea Națională de Știință și Tehnologie Politehnica București; Academy of Romanian Scientists,1422-0067
Ficai,Denisa,https://orcid.org/0000-0003-1243-6904,Universitatea Națională de Știință și Tehnologie Politehnica București,1422-0067
Andronescu,Ecaterina,https://orcid.org/0000-0002-2226-5849,Universitatea Națională de Știință și Tehnologie Politehnica București; Academy of Romanian Scientists,1422-0067
Holban,Alina Maria,https://orcid.org/0000-0002-1257-5042,Universitatea Națională de Știință și Tehnologie Politehnica București; University of Bucharest,1422-0067
Lucarelli,Giuseppe,https://orcid.org/0000-0001-7807-1229,University of Bari Aldo Moro,1422-0067
Netti,Giuseppe Stefano,https://orcid.org/0000-0003-3495-2707,University of Foggia,1422-0067
Rutigliano,Monica,NONE,University of Bari Aldo Moro,1422-0067
Lasorsa,Francesco,https://orcid.org/0000-0001-8884-0757,University of Bari Aldo Moro,1422-0067
Loizzo,Davide,https://orcid.org/0000-0003-2909-1447,University of Bari Aldo Moro,1422-0067
Milella,Martina,NONE,University of Bari Aldo Moro,1422-0067
Schirinzi,Annalisa,https://orcid.org/0000-0001-9826-7907,University of Bari Aldo Moro,1422-0067
Fontana,Antonietta,NONE,University of Bari Aldo Moro,1422-0067
Serio,Francesca Di,https://orcid.org/0000-0001-6089-1165,University of Bari Aldo Moro,1422-0067
Tamma,Roberto,https://orcid.org/0000-0003-4623-5406,University of Bari Aldo Moro,1422-0067
Ribatti,Doménico,https://orcid.org/0000-0003-4768-8431,University of Bari Aldo Moro,1422-0067
Battaglia,Michele,https://orcid.org/0000-0002-2453-2349,University of Bari Aldo Moro,1422-0067
Ranieri,Elena,https://orcid.org/0000-0002-4996-3938,University of Foggia,1422-0067
Ditonno,Pasquale,https://orcid.org/0000-0001-7718-7676,University of Bari Aldo Moro,1422-0067
Zhang,Wanqiu,https://orcid.org/0000-0002-0715-2731,Tsinghua University; University Town of Shenzhen,1422-0067
Lu,Jinghua,NONE,University Town of Shenzhen; Tsinghua University,1422-0067
Wang,Yangyang,NONE,Tsinghua University; University Town of Shenzhen,1422-0067
Sun,Pengbo,https://orcid.org/0000-0002-7326-8847,University Town of Shenzhen; Tsinghua University,1422-0067
Gao,Tong,NONE,University Town of Shenzhen; Tsinghua University,1422-0067
Xu,Naihan,NONE,Tsinghua University; University Town of Shenzhen,1422-0067
Zhang,Yaou,https://orcid.org/0000-0002-2501-8093,University Town of Shenzhen; Tsinghua University,1422-0067
Xie,Weidong,https://orcid.org/0000-0001-5561-7663,Tsinghua University; University Town of Shenzhen,1422-0067
Song,Wan-Meng,NONE,Qingdao University,1422-0067
Zhang,Li-Yao,https://orcid.org/0000-0003-3594-360X,Qingdao University,1422-0067
Li,Ping,https://orcid.org/0000-0001-9339-3111,Qingdao University,1422-0067
Liu,Yun,https://orcid.org/0000-0002-8077-3905,Qingdao University,1422-0067
López‐Miranda,J. Luis,https://orcid.org/0000-0002-7846-3780,Universidad Nacional Autónoma de México,1422-0067
Molina,Gustavo A.,https://orcid.org/0000-0001-7673-0518,Universidad Nacional Autónoma de México,1422-0067
González-Reyna,Marlén Alexis,https://orcid.org/0000-0002-7640-8390,Universidad Nacional Autónoma de México,1422-0067
España‐Sánchez,Beatriz Liliana,https://orcid.org/0000-0002-6015-6037,Center of Research and Technologic Development in Electrochemistry; Consejo Nacional de Humanidades Ciencias y Tecnologías,1422-0067
Esparza,Rodrigo,https://orcid.org/0000-0001-9743-8559,Universidad Nacional Autónoma de México,1422-0067
Silva,Rodolfo,https://orcid.org/0000-0003-0064-9558,Universidad Nacional Autónoma de México,1422-0067
Estévez,Miriam,https://orcid.org/0000-0003-4749-7715,Universidad Nacional Autónoma de México,1422-0067
D’Avino,Danilo,https://orcid.org/0000-0002-6350-5191,University of Naples Federico II,1422-0067
Cerqua,Ida,https://orcid.org/0000-0002-4363-7728,University of Naples Federico II,1422-0067
Ullah,Hammad,https://orcid.org/0000-0001-9437-676X,University of Naples Federico II,1422-0067
Spinelli,Michele,https://orcid.org/0000-0001-8252-1587,University of Naples Federico II,1422-0067
Matteo,Rita Di,NONE,University of Naples Federico II,1422-0067
Granato,Elisabetta,https://orcid.org/0000-0002-7207-5832,University of Naples Federico II,1422-0067
Capasso,Raffaele,https://orcid.org/0000-0002-3335-1822,Federico II University Hospital; University of Naples Federico II,1422-0067
Maruccio,Lucianna,https://orcid.org/0000-0002-2697-9339,University of Naples Federico II,1422-0067
Ialenti,Armando,https://orcid.org/0000-0002-8046-0116,University of Naples Federico II,1422-0067
Daglia,Maria,https://orcid.org/0000-0002-4870-7713,University of Naples Federico II,1422-0067
Roviezzo,Fiorentina,https://orcid.org/0000-0003-1582-7396,University of Naples Federico II,1422-0067
Rossi,Antonietta,https://orcid.org/0000-0002-3237-2584,University of Naples Federico II,1422-0067
Lai,Kai,NONE,Renmin Hospital of Wuhan University; Wuhan University,1422-0067
Song,Congkuan,https://orcid.org/0000-0002-8393-433X,Wuhan University; Renmin Hospital of Wuhan University,1422-0067
Gao,Minglang,NONE,Wuhan University; Renmin Hospital of Wuhan University,1422-0067
Deng,Yu,NONE,Wuhan University; Renmin Hospital of Wuhan University,1422-0067
Lu,Zilong,https://orcid.org/0000-0002-7432-7343,Renmin Hospital of Wuhan University; Wuhan University,1422-0067
Li,Ning,https://orcid.org/0000-0003-3175-8343,Renmin Hospital of Wuhan University; Wuhan University,1422-0067
Geng,Qing,https://orcid.org/0000-0003-4515-5084,Wuhan University; Renmin Hospital of Wuhan University,1422-0067
Marino,Fabiola,https://orcid.org/0000-0001-9043-6032,Magna Graecia University,1422-0067
Salerno,Nadia,https://orcid.org/0000-0002-1929-2168,Magna Graecia University,1422-0067
Scalise,Mariangela,https://orcid.org/0000-0002-4417-9570,Magna Graecia University,1422-0067
Salerno,Luca,https://orcid.org/0000-0003-4221-3533,Magna Graecia University,1422-0067
Torella,Annalaura,https://orcid.org/0000-0003-2479-6018,"University of Campania ""Luigi Vanvitelli""",1422-0067
Molinaro,Claudia,NONE,Magna Graecia University,1422-0067
Chiefalo,Antonio,https://orcid.org/0009-0003-2736-1594,Magna Graecia University,1422-0067
Filardo,Andrea,NONE,Magna Graecia University,1422-0067
Siracusa,Chiara,https://orcid.org/0000-0003-0429-9946,Magna Graecia University,1422-0067
Panuccio,Giuseppe,https://orcid.org/0000-0002-6596-0921,Magna Graecia University,1422-0067
Ferravante,Carlo,https://orcid.org/0000-0003-0758-5059,University of Salerno,1422-0067
Giurato,Giorgio,https://orcid.org/0000-0002-0538-8978,University of Salerno,1422-0067
Rizzo,Francesca,https://orcid.org/0000-0003-1783-5015,University of Salerno,1422-0067
Torella,Michele,https://orcid.org/0000-0003-3853-3171,"University of Campania ""Luigi Vanvitelli""",1422-0067
Donniacuo,Maria,https://orcid.org/0000-0001-7485-5755,"University of Campania ""Luigi Vanvitelli""",1422-0067
Angelis,Antonella De,https://orcid.org/0000-0001-8469-3403,"University of Campania ""Luigi Vanvitelli""",1422-0067
Viglietto,Giuseppe,NONE,Magna Graecia University,1422-0067
Urbanek,Konrad,https://orcid.org/0000-0001-6359-0974,Federico II University Hospital,1422-0067
Weisz,Alessandro,https://orcid.org/0000-0003-0455-2083,University of Salerno,1422-0067
Torella,Daniele,https://orcid.org/0000-0002-4915-5084,Magna Graecia University,1422-0067
Cianflone,Eleonora,https://orcid.org/0000-0002-1675-2093,Magna Graecia University,1422-0067
Čajka,Tomáš,https://orcid.org/0000-0002-9728-3355,Czech Academy of Sciences; Czech Academy of Sciences Institute of Physiology,1422-0067
Hričko,Jiří,NONE,Czech Academy of Sciences; Czech Academy of Sciences Institute of Physiology,1422-0067
Kulhavá,Lucie,https://orcid.org/0000-0003-2432-6075,Czech Academy of Sciences; Czech Academy of Sciences Institute of Physiology,1422-0067
Paucova,Michaela,NONE,Czech Academy of Sciences; Czech Academy of Sciences Institute of Physiology,1422-0067
Nováková,Michaela,NONE,Czech Academy of Sciences Institute of Physiology; Czech Academy of Sciences,1422-0067
Kuda,Ondřej,https://orcid.org/0000-0001-7034-4536,Czech Academy of Sciences; Czech Academy of Sciences Institute of Physiology,1422-0067
Jung,Felix,https://orcid.org/0000-0002-7293-3155,University of Kaiserslautern,1422-0067
Frey,Kevin,https://orcid.org/0000-0002-8510-6810,University of Kaiserslautern,1422-0067
Zimmer,David,https://orcid.org/0000-0002-7832-7658,University of Kaiserslautern,1422-0067
Mühlhaus,Timo,https://orcid.org/0000-0003-3925-6778,University of Kaiserslautern,1422-0067
Deleu,S,https://orcid.org/0000-0001-8596-2783,KU Leuven,1422-0067
Arnauts,Kaline,https://orcid.org/0000-0003-0872-7776,KU Leuven,1422-0067
Deprez,Lowie,NONE,KU Leuven,1422-0067
Machiels,Kathleen,https://orcid.org/0000-0002-0680-4208,KU Leuven,1422-0067
Ferrante,Marc,https://orcid.org/0000-0003-1492-0716,KU Leuven,1422-0067
Huys,Geert,https://orcid.org/0000-0002-7092-4837,VIB-KU Leuven Center for Microbiology; KU Leuven; Rega Institute for Medical Research,1422-0067
Thevelein,Johan M.,https://orcid.org/0000-0002-2626-0180,KU Leuven; VIB-KU Leuven Center for Microbiology,1422-0067
Raes,Jeroen,https://orcid.org/0000-0002-1337-041X,VIB-KU Leuven Center for Microbiology; Rega Institute for Medical Research; KU Leuven,1422-0067
Vermeire,Séverine,https://orcid.org/0000-0001-9942-3019,KU Leuven,1422-0067
Chaillet,Marten L.,https://orcid.org/0000-0001-7231-7742,Utrecht University,1422-0067
Schot,Gijs van der,https://orcid.org/0000-0002-6128-4196,Utrecht University,1422-0067
Gubins,Ilja,NONE,Utrecht University,1422-0067
Roet,Sander,https://orcid.org/0000-0003-0732-545X,Utrecht University,1422-0067
Veltkamp,Remco C.,https://orcid.org/0000-0003-1934-7170,Utrecht University,1422-0067
Förster,Friedrich,https://orcid.org/0000-0002-6044-2746,Utrecht University,1422-0067
Chen,Yutong,https://orcid.org/0000-0002-2013-0772,Peking University,1422-0067
Huang,Weiran,https://orcid.org/0000-0003-1193-6157,Peking University,1422-0067
Ouyang,Jian,NONE,Peking University,1422-0067
Wang,Jingxiang,https://orcid.org/0000-0003-3381-7976,Peking University,1422-0067
Xie,Zhengwei,https://orcid.org/0000-0001-9572-878X,Peking University,1422-0067
Yang,Yucun,NONE,Northwest A&F University,1422-0067
Nan,Rui,NONE,Northwest A&F University,1422-0067
Mi,Tongxi,NONE,Northwest A&F University,1422-0067
Song,Yingxin,NONE,Northwest A&F University,1422-0067
Shi,Fanghui,NONE,Northwest A&F University,1422-0067
Liu,Xinran,https://orcid.org/0000-0002-9607-2468,Northwest A&F University,1422-0067
Wang,Yunqi,https://orcid.org/0000-0002-3377-9466,Northwest A&F University,1422-0067
Sun,Fengli,NONE,Northwest A&F University,1422-0067
Xi,Yajun,NONE,Northwest A&F University,1422-0067
Zhang,Chao,https://orcid.org/0000-0001-5287-4701,Northwest A&F University,1422-0067
Ejaz,Mohsin,https://orcid.org/0000-0002-5634-9450,National Sun Yat-sen University,1422-0067
Samy,Maha Mohammed,NONE,National Sun Yat-sen University; Assiut University,1422-0067
Ye,Yunsheng,https://orcid.org/0000-0002-2351-1845,National Sun Yat-sen University,1422-0067
Kuo,Shiao‐Wei,https://orcid.org/0000-0002-4306-7171,National Sun Yat-sen University; Kaohsiung Medical University,1422-0067
Mohamed,Mohamed Gamal,NONE,National Sun Yat-sen University; Assiut University,1422-0067
Eldosoky,Mona A.,https://orcid.org/0000-0002-6796-1135,Al-Azhar University,1422-0067
Hammad,Reham,https://orcid.org/0000-0002-8967-9106,Al-Azhar University,1422-0067
Elmadbouly,Asmaa A.,https://orcid.org/0000-0003-2873-3268,Al-Azhar University,1422-0067
Aglan,Reda Badr,https://orcid.org/0000-0001-6900-039X,Menoufia University,1422-0067
AbdelHamid,Sherihan G.,https://orcid.org/0000-0003-4900-3715,Ain Shams University,1422-0067
Alboraie,Mohamed,https://orcid.org/0000-0002-8490-9822,Al-Azhar University,1422-0067
Hassan,Donia Ahmed,https://orcid.org/0000-0002-3764-7647,Al-Azhar University,1422-0067
Shaheen,Mohamed,https://orcid.org/0000-0002-3708-8048,Al-Azhar University,1422-0067
Rushdi,Areej,https://orcid.org/0000-0001-8356-3551,Al-Azhar University,1422-0067
Ahmed,Reem,NONE,Al-Azhar University,1422-0067
Abdelbadea,Alzahra,NONE,Al-Azhar University,1422-0067
Abdelmageed,Neamat,https://orcid.org/0000-0001-5771-5283,Al-Azhar University,1422-0067
Elshafei,Ahmed,https://orcid.org/0000-0003-3759-0318,Al-Azhar University,1422-0067
Ahmed,Elham,https://orcid.org/0000-0001-5019-8607,Al-Azhar University,1422-0067
Abo-Elkheir,Omaima I.,https://orcid.org/0000-0002-1943-4509,Al-Azhar University,1422-0067
Zaky,Samy,https://orcid.org/0000-0003-4123-9221,Al-Azhar University,1422-0067
Hamdy,Nadia Μ.,https://orcid.org/0000-0003-2105-107X,Ain Shams University,1422-0067
Lambert,Claude,https://orcid.org/0000-0003-1338-1677,Centre Hospitalier Universitaire de Saint-Étienne,1422-0067
Lagunin,Alexey A.,https://orcid.org/0000-0003-1757-8004,Pirogov Russian National Research Medical University; Institute of Biomedical Chemistry; Bioinformatics Institute,1422-0067
Рудик,А. В.,https://orcid.org/0000-0002-8916-9675,Institute of Biomedical Chemistry; Bioinformatics Institute,1422-0067
Pogodin,Pavel V.,https://orcid.org/0000-0003-1843-7668,Institute of Biomedical Chemistry; Bioinformatics Institute,1422-0067
Савосина,П.И.,https://orcid.org/0000-0001-7066-7925,Institute of Biomedical Chemistry; Bioinformatics Institute,1422-0067
Tarasova,Olga,https://orcid.org/0000-0002-3723-7832,Institute of Biomedical Chemistry; Bioinformatics Institute,1422-0067
Dmitriev,Alexander V.,https://orcid.org/0000-0002-2431-3429,Institute of Biomedical Chemistry; Bioinformatics Institute,1422-0067
Ivanov,Sergey M.,https://orcid.org/0000-0002-3177-6237,Institute of Biomedical Chemistry; Bioinformatics Institute; Pirogov Russian National Research Medical University,1422-0067
Biziukova,Nadezhda,https://orcid.org/0000-0002-2044-1327,Institute of Biomedical Chemistry; Bioinformatics Institute,1422-0067
Druzhilovskiy,D.S.,https://orcid.org/0000-0001-9024-1331,Institute of Biomedical Chemistry; Bioinformatics Institute,1422-0067
Filimonov,Dmitry,https://orcid.org/0000-0002-0339-8478,Institute of Biomedical Chemistry; Bioinformatics Institute,1422-0067
Poroikov,Vladimir,https://orcid.org/0000-0001-7937-2621,Bioinformatics Institute; Institute of Biomedical Chemistry,1422-0067
Kuppa,Annapurna,https://orcid.org/0000-0002-7271-063X,University of Michigan–Ann Arbor,1422-0067
Tripathi,Himi,https://orcid.org/0000-0002-9519-0665,University of Michigan–Ann Arbor,1422-0067
Al‐Darraji,Ahmed,https://orcid.org/0000-0002-5985-1702,University of Michigan–Ann Arbor,1422-0067
Tarhuni,Wadea,https://orcid.org/0000-0001-9729-089X,University of Saskatchewan,1422-0067
Abdel‐Latif,Ahmed,https://orcid.org/0000-0002-8178-7102,University of Michigan–Ann Arbor; VA Ann Arbor Healthcare System,1422-0067
Zhang,Hannah,https://orcid.org/0000-0003-3871-479X,St. Boniface Hospital; University of Manitoba,1422-0067
Dhalla,Naranjan S.,https://orcid.org/0000-0002-4894-4727,St. Boniface Hospital; University of Manitoba,1422-0067
Seyhan,Attila A.,https://orcid.org/0000-0003-1276-8466,Brown University; Providence College; Lifespan,1422-0067
Muscolo,Adele,https://orcid.org/0000-0002-0439-1614,University of Reggio Calabria,1422-0067
Oliva,Mariateresa,https://orcid.org/0009-0009-5846-6050,University of Reggio Calabria,1422-0067
Giulio,Torello,https://orcid.org/0009-0007-7289-513X,NONE,1422-0067
Russo,Mariateresa,https://orcid.org/0000-0002-5159-588X,University of Reggio Calabria,1422-0067
Vilariño‐García,Teresa,NONE,Instituto de Biomedicina de Sevilla; Hospital Universitario Virgen del Rocío; Universidad de Sevilla,1422-0067
Polonio-González,María,NONE,Hospital Universitario Virgen Macarena; Universidad de Sevilla,1422-0067
Pérez‐Pérez,Antonio,https://orcid.org/0000-0002-5660-735X,Hospital Universitario Virgen Macarena; Universidad de Sevilla,1422-0067
Ribalta,Josep,https://orcid.org/0000-0002-8879-4719,Universidad Rovira i Virgili; Institut d'Investigació Sanitària Pere Virgili,1422-0067
Arrieta,Francisco,NONE,Instituto Cajal,1422-0067
Aguilar‐Diosdado,Manuel,https://orcid.org/0000-0001-9657-5949,Biomedical Research and Innovation Institute of Cadiz,1422-0067
Obaya,Juan Carlos,https://orcid.org/0000-0002-2879-1743,NONE,1422-0067
Gimeno-Orna,José Antonio,https://orcid.org/0000-0002-9901-4992,Hospital Clínico Universitario Lozano Blesa,1422-0067
Iglesias,Pedro,https://orcid.org/0000-0003-0126-1985,Hospital Universitario Puerta de Hierro Majadahonda,1422-0067
Navarro,Jorge,https://orcid.org/0000-0003-1508-6727,Hospital Clínico Universitario de Valencia,1422-0067
Durán,Santiago,https://orcid.org/0000-0003-1496-8496,NONE,1422-0067
Pedro‐Botet,Juan,NONE,Universitat Autònoma de Barcelona,1422-0067
Sánchez‐Margalet,Víctor,https://orcid.org/0000-0001-8638-8680,Hospital Universitario Virgen Macarena; Instituto de Biomedicina de Sevilla; Hospital Universitario Virgen del Rocío; Universidad de Sevilla,1422-0067
Fantone,Sonia,https://orcid.org/0000-0002-5630-5984,Istituto Nazionale di Riposo e Cura per Anziani; Istituti di Ricovero e Cura a Carattere Scientifico,1422-0067
Piani,Federica,https://orcid.org/0000-0003-3338-1172,University of Bologna,1422-0067
Olivieri,Fabiola,https://orcid.org/0000-0002-9606-1144,Istituto Nazionale di Riposo e Cura per Anziani; Istituti di Ricovero e Cura a Carattere Scientifico; Marche Polytechnic University,1422-0067
Rippo,Maria Rita,https://orcid.org/0000-0003-3024-3495,Marche Polytechnic University,1422-0067
Sirico,Angelo,https://orcid.org/0000-0002-0593-9063,Ospedale Sant'Anna,1422-0067
Simone,Nicoletta Di,https://orcid.org/0000-0003-1273-3335,Humanitas University; IRCCS Humanitas Research Hospital,1422-0067
Marzioni,Daniela,https://orcid.org/0000-0002-2267-0270,Marche Polytechnic University,1422-0067
Tossetta,Giovanni,https://orcid.org/0000-0001-7003-1230,Marche Polytechnic University,1422-0067
Lv,Shiwei,NONE,Fujian Institute of Oceanography; Ministry of Natural Resources; Harbin Institute of Technology,1422-0067
Li,Yufei,https://orcid.org/0000-0002-8015-897X,Fujian Institute of Oceanography; Ministry of Natural Resources; China University of Geosciences (Beijing),1422-0067
Zhao,Sufang,NONE,Fujian Institute of Oceanography; Ministry of Natural Resources,1422-0067
Shao,Zongze,NONE,Ministry of Natural Resources; Harbin Institute of Technology; China University of Geosciences (Beijing); Fujian Institute of Oceanography; Southern Marine Science and Engineering Guangdong Laboratory (Guangzhou); Southern Marine Science and Engineering Guangdong Laboratory (Zhuhai),1422-0067
Barba,Ignasi,https://orcid.org/0000-0001-9886-3776,Universitat de Vic - Universitat Central de Catalunya; Universitat Autònoma de Barcelona; Centro de Investigación Biomédica en Red de Cáncer,1422-0067
Carrillo-Bosch,Laura,https://orcid.org/0000-0003-0841-4665,Centro de Investigación Biomédica en Red de Cáncer; Universitat Autònoma de Barcelona,1422-0067
Seoane,Joan,https://orcid.org/0000-0002-6541-5974,Universitat Autònoma de Barcelona; Centro de Investigación Biomédica en Red de Cáncer; Institució Catalana de Recerca i Estudis Avançats,1422-0067
Scarian,Eveljn,https://orcid.org/0000-0002-6703-1755,NONE,1422-0067
Viola,C.,https://orcid.org/0009-0005-1410-5510,University of Pavia,1422-0067
Dragoni,Francesca,https://orcid.org/0000-0001-7608-3306,University of Pavia,1422-0067
Gerlando,Rosalinda Di,https://orcid.org/0000-0002-7834-0342,University of Pavia,1422-0067
Rizzo,Bartolo,https://orcid.org/0009-0001-5799-7732,NONE,1422-0067
Diamanti,Luca,https://orcid.org/0000-0002-4540-6886,NONE,1422-0067
Gagliardi,Stella,https://orcid.org/0000-0002-6589-6907,NONE,1422-0067
Bordoni,Matteo,https://orcid.org/0000-0001-9461-756X,NONE,1422-0067
Pansarasa,Orietta,https://orcid.org/0000-0002-3041-0612,NONE,1422-0067
Бицадзе,В. О.,https://orcid.org/0000-0001-8404-1042,Sechenov University,1422-0067
Yakubova,F. E.,NONE,Sechenov University,1422-0067
Khizroeva,J. Kh.,https://orcid.org/0000-0002-0725-9686,Sechenov University,1422-0067
Lazarchuk,Arina,https://orcid.org/0000-0003-2136-1641,Sechenov University,1422-0067
Salnikova,Polina,https://orcid.org/0000-0003-2011-1237,Sechenov University,1422-0067
Vorobev,А. V.,https://orcid.org/0000-0002-4509-9281,Sechenov University,1422-0067
Tretyakova,M. V.,https://orcid.org/0000-0002-3628-0804,Sechenov University,1422-0067
Degtyareva,N.D.,https://orcid.org/0000-0002-8100-0189,Sechenov University,1422-0067
Grigoreva,К. N.,https://orcid.org/0000-0002-7756-8935,Sechenov University,1422-0067
Gashimova,N. R.,https://orcid.org/0000-0003-0764-4477,Sechenov University,1422-0067
Kvaratskheliia,Margaret,https://orcid.org/0000-0001-5249-707X,Sechenov University,1422-0067
Makatsariya,Nataliya,NONE,Sechenov University,1422-0067
Kudryavtseva,Ekaterina,https://orcid.org/0009-0002-5573-4602,Sechenov University,1422-0067
Tomlenova,Anna,NONE,Sechenov University,1422-0067
Gris,Jean‐Christophe,https://orcid.org/0000-0002-9899-9910,Sechenov University; Université de Montpellier,1422-0067
Elalamy,Ismaı̈l,https://orcid.org/0000-0002-9576-1368,Sechenov University; Université Paris 1 Panthéon-Sorbonne; Sorbonne Université; Hôpital Tenon,1422-0067
Ay,Cihan,https://orcid.org/0000-0003-2607-9717,Medical University of Vienna; Sechenov University,1422-0067
Makatsariya,А. D.,https://orcid.org/0000-0001-7415-4633,Sechenov University,1422-0067
Morgos,Diana-Theodora,NONE,Carol Davila University of Medicine and Pharmacy,1422-0067
Ştefani,Constantin,NONE,NONE,1422-0067
Miricescu,Daniela,NONE,Carol Davila University of Medicine and Pharmacy,1422-0067
Greabu,Maria,NONE,Carol Davila University of Medicine and Pharmacy,1422-0067
Stanciu,Silvius,https://orcid.org/0000-0001-7697-0968,Carol Davila University of Medicine and Pharmacy,1422-0067
Nica,Silvia,https://orcid.org/0000-0002-4491-0298,Clinical Emergency Hospital Bucharest,1422-0067
Stănescu-Spînu,Iulia-Ioana,https://orcid.org/0000-0001-9224-6056,Carol Davila University of Medicine and Pharmacy,1422-0067
Bălan,Daniela Gabriela,NONE,Carol Davila University of Medicine and Pharmacy,1422-0067
Balcangiu‐Stroescu,Andra-Elena,https://orcid.org/0000-0003-1467-1983,Carol Davila University of Medicine and Pharmacy,1422-0067
Coculescu,Elena Claudia,https://orcid.org/0000-0001-9018-6416,Carol Davila University of Medicine and Pharmacy,1422-0067
Georgescu,D.,https://orcid.org/0009-0005-5389-2254,Carol Davila University of Medicine and Pharmacy; Institutul Cantacuzino,1422-0067
Nica,Remus,https://orcid.org/0000-0002-3722-6877,Carol Davila University of Medicine and Pharmacy,1422-0067
Purohit,Kruttika,https://orcid.org/0009-0004-7166-1276,Australian Research Council; Macquarie University,1422-0067
Reddy,Narsimha,https://orcid.org/0000-0002-2424-1306,Australian Research Council; Western Sydney University,1422-0067
Sunna,Anwar,https://orcid.org/0000-0002-1467-9937,Macquarie University; Australian Research Council,1422-0067
Elboughdiri,Noureddine,https://orcid.org/0000-0003-2923-3062,University of Ha'il,1422-0067
Ferkous,Hana,https://orcid.org/0000-0002-2445-6147,University of Skikda,1422-0067
Rouibah,Karima,https://orcid.org/0009-0005-7216-4009,University of Jijel,1422-0067
Boublia,Abir,https://orcid.org/0000-0003-1669-4951,University Ferhat Abbas of Setif,1422-0067
Delimi,Amel,NONE,University of Skikda,1422-0067
Yadav,Krishna Kumar,https://orcid.org/0000-0002-4228-2726,Al-Ayen University; Thi Qar University,1422-0067
Erto,Alessandro,https://orcid.org/0000-0002-6956-7924,University of Naples Federico II,1422-0067
Ghernaout,Djamel,https://orcid.org/0000-0002-0806-3810,University of Ha'il,1422-0067
Salih,Alsamani A. M.,https://orcid.org/0000-0001-9007-3980,University of Ha'il,1422-0067
Benaissa,Mhamed,https://orcid.org/0000-0002-5639-6169,University of Ha'il,1422-0067
Benguerba,Yacine,https://orcid.org/0000-0002-8251-9724,University of Ha'il; University Ferhat Abbas of Setif,1422-0067
González,Teresita Pérez,https://orcid.org/0000-0003-0318-2914,Memorial Healthcare System,1422-0067
Muminovic,Meri,https://orcid.org/0000-0002-2710-6935,Memorial Healthcare System,1422-0067
Nano,Olger,NONE,Memorial Healthcare System,1422-0067
Vulfovich,Michel,NONE,Memorial Healthcare System,1422-0067
Dalamaga,Μaria,https://orcid.org/0000-0002-7008-388X,National and Kapodistrian University of Athens,1422-0067
Kounatidis,Dimitrios,NONE,Evangelismos Hospital,1422-0067
Tsilingiris,Dimitrios,https://orcid.org/0000-0002-6864-4289,Democritus University of Thrace; University Hospital of Alexandroupolis,1422-0067
Vallianou,Natalia G.,https://orcid.org/0000-0003-3874-5393,Evangelismos Hospital,1422-0067
Karampela,Ιrene,https://orcid.org/0000-0001-6912-4042,National and Kapodistrian University of Athens,1422-0067
Psallida,Sotiria,NONE,General Hospital of Attica,1422-0067
Papavassiliou,Athanasios G.,https://orcid.org/0000-0001-5803-4527,National and Kapodistrian University of Athens,1422-0067
Singh,Manish,https://orcid.org/0000-0002-2193-2689,Kyung Hee University,1422-0067
Shin,Yoonhwa,NONE,Kyung Hee University,1422-0067
Ju,Songhyun,NONE,Kyung Hee University,1422-0067
Han,Sunhee,NONE,Kyung Hee University,1422-0067
Choe,Wonchae,https://orcid.org/0000-0001-5764-9482,Kyung Hee University,1422-0067
Yoon,Kyung‐Sik,NONE,Kyung Hee University,1422-0067
Kim,Sung Soo,https://orcid.org/0000-0002-6817-7668,Kyung Hee University,1422-0067
Kang,Insug,https://orcid.org/0000-0001-7117-1008,Kyung Hee University,1422-0067
D’Amato,Andrea,https://orcid.org/0000-0001-8227-2154,Sapienza University of Rome,1422-0067
Prosperi,Silvia,https://orcid.org/0009-0003-7689-4987,Sapienza University of Rome,1422-0067
Severino,Paolo,https://orcid.org/0000-0001-6211-4482,Sapienza University of Rome,1422-0067
Myftari,Vincenzo,NONE,Sapienza University of Rome,1422-0067
Francia,Aurora Labbro,NONE,Sapienza University of Rome,1422-0067
Cestiè,Claudia,NONE,Sapienza University of Rome,1422-0067
Pierucci,Nicola,https://orcid.org/0000-0002-5985-4081,Sapienza University of Rome,1422-0067
Marek‐Iannucci,Stefanie,https://orcid.org/0000-0001-9621-3198,Sapienza University of Rome,1422-0067
Mariani,Marco Valerio,https://orcid.org/0000-0002-9480-1209,Sapienza University of Rome,1422-0067
Germanò,Rosanna,NONE,Sapienza University of Rome,1422-0067
Fanisio,Francesca,https://orcid.org/0000-0002-1488-7015,Policlinico Casilino,1422-0067
Lavalle,Carlo,https://orcid.org/0000-0002-0794-4296,Sapienza University of Rome,1422-0067
Maestrini,Viviana,https://orcid.org/0000-0002-3225-8378,Sapienza University of Rome,1422-0067
Badagliacca,Roberto,https://orcid.org/0000-0002-7887-5961,Sapienza University of Rome,1422-0067
Mancone,Massimo,https://orcid.org/0000-0002-0881-7299,Sapienza University of Rome,1422-0067
Fedele,Francesco,https://orcid.org/0000-0002-8202-748X,Università degli studi di Cassino e del Lazio Meridionale,1422-0067
Vizza,Carmine Dario,https://orcid.org/0000-0002-3540-4983,Sapienza University of Rome,1422-0067
Andrés,Celia María Curieses,https://orcid.org/0000-0003-4731-6398,Hospital Clínico Universitario de Valladolid,1422-0067
Lastra,José Manuel Pérez de la,https://orcid.org/0000-0003-4663-5565,Instituto de Productos Naturales y Agrobiología,1422-0067
Andrés,Celia,https://orcid.org/0000-0003-1583-7439,Universidad de Valladolid,1422-0067
Plou,Francisco J.,https://orcid.org/0000-0003-0831-893X,Instituto de Catálisis y Petroleoquímica,1422-0067
Pérez‐Lebeña,Eduardo,NONE,NONE,1422-0067
Cresti,Laura,NONE,University of Siena,1422-0067
Cappello,Giovanni,https://orcid.org/0000-0002-9342-0762,University of Siena,1422-0067
Pini,Alessandro,https://orcid.org/0000-0002-3832-8349,University of Siena; Toscana Life Sciences; Ospedale Santa Maria alle Scotte,1422-0067
Yoo,Suyeon,NONE,Incheon National University,1422-0067
Jung,Suk‐Chae,https://orcid.org/0000-0002-0000-4832,University of Illinois Urbana-Champaign,1422-0067
Kwak,Kihyuck,https://orcid.org/0000-0002-7386-9589,Yonsei University,1422-0067
Kim,Jun‐Seob,https://orcid.org/0000-0003-0001-6646,Incheon National University,1422-0067
Arabpour,Zohreh,https://orcid.org/0000-0002-3454-2508,University of Illinois Urbana-Champaign; University of Illinois Chicago,1422-0067
Abedi,Farshad,https://orcid.org/0000-0001-7610-0727,University of Illinois Urbana-Champaign; University of Illinois Chicago,1422-0067
Salehi,Majid,https://orcid.org/0000-0001-6283-8181,Shahroud University of Medical Sciences,1422-0067
Baharnoori,Seyed Mahbod,https://orcid.org/0000-0003-0919-1539,University of Illinois Urbana-Champaign; University of Illinois Chicago,1422-0067
Soleimani,Mohammad,https://orcid.org/0000-0002-6546-3546,University of Illinois Urbana-Champaign; University of Illinois Chicago,1422-0067
Djalilian,Ali R.,https://orcid.org/0000-0002-1489-0724,University of Illinois Urbana-Champaign; University of Illinois Chicago,1422-0067
Islam,S. M. Riazul,https://orcid.org/0000-0003-2968-9561,Inha University,2169-3536
Kwak,Daehan,https://orcid.org/0000-0001-5614-0190,Rutgers The State University of New Jersey,2169-3536
Kabir,Md. Humaun,https://orcid.org/0000-0003-3134-6234,Inha University,2169-3536
Hossain,Mahmud,https://orcid.org/0000-0002-4102-8056,University of Alabama at Birmingham,2169-3536
Kwak,Kyung Sup,https://orcid.org/0000-0002-9559-4352,Inha University,2169-3536
Gupta,Akhil,https://orcid.org/0000-0002-0054-3801,Shri Mata Vaishno Devi University,2169-3536
Jha,Rakesh Kumar,https://orcid.org/0000-0001-7321-4753,Shri Mata Vaishno Devi University,2169-3536
Zhang,Zheng,https://orcid.org/0000-0003-1470-6998,Beijing Computing Center,2169-3536
Xu,Yong,https://orcid.org/0000-0003-0530-2123,Beijing Computing Center,2169-3536
Yang,Jian,https://orcid.org/0000-0003-4800-832X,NONE,2169-3536
Li,Xuelong,https://orcid.org/0000-0002-0019-4197,Xi'an Institute of Optics and Precision Mechanics,2169-3536
Zhang,David,https://orcid.org/0000-0002-5027-5286,NONE,2169-3536
MacCartney,George R.,https://orcid.org/0000-0002-8665-8318,NONE,2169-3536
Rappaport,Theodore S.,https://orcid.org/0000-0001-7449-9957,NONE,2169-3536
Sun,Shu,https://orcid.org/0000-0001-8655-3746,NONE,2169-3536
Deng,Sijia,https://orcid.org/0000-0003-0305-1789,NONE,2169-3536
Li,Yong,https://orcid.org/0000-0001-5617-1659,Tsinghua University,2169-3536
Chen,Min,https://orcid.org/0000-0002-0960-4447,Huazhong University of Science and Technology,2169-3536
Yun,Zhengqing,https://orcid.org/0000-0003-4246-0454,University of Hawaiʻi at Mānoa,2169-3536
Iskander,Magdy F.,https://orcid.org/0000-0003-3585-6813,University of Hawaiʻi at Mānoa,2169-3536
Zhu,Chunsheng,https://orcid.org/0000-0001-8041-0197,University of British Columbia,2169-3536
Leung,Victor C. M.,https://orcid.org/0000-0003-3529-2640,University of British Columbia,2169-3536
Shu,Lei,https://orcid.org/0000-0002-6700-9347,Guangdong University of Petrochemical Technology,2169-3536
Ngai,Edith C.‐H.,https://orcid.org/0000-0002-3454-8731,Uppsala University,2169-3536
Dubey,Anamika,https://orcid.org/0000-0001-5147-9961,The University of Texas at Austin,2169-3536
Santoso,Surya,https://orcid.org/0000-0002-8675-9610,The University of Texas at Austin,2169-3536
Alam,Kazi Masudul,https://orcid.org/0000-0003-4731-9847,University of Ottawa,2169-3536
Saini,Mukesh,https://orcid.org/0000-0003-2215-9365,New York University Abu Dhabi,2169-3536
Saddik,Abdulmotaleb El,NONE,University of Ottawa,2169-3536
Zuo,Liyun,https://orcid.org/0000-0001-5664-4751,South China University of Technology; Guangdong University of Petrochemical Technology,2169-3536
Shu,Lei,https://orcid.org/0000-0002-6700-9347,Guangdong University of Petrochemical Technology,2169-3536
Dong,Shoubin,https://orcid.org/0000-0003-0153-850X,South China University of Technology,2169-3536
Zhu,Chunsheng,https://orcid.org/0000-0001-8041-0197,University of British Columbia,2169-3536
Hara,Takahiro,https://orcid.org/0000-0003-4807-3156,Osaka University,2169-3536
Pham,Thanh Nam,NONE,Feng Chia University,2169-3536
Tsai,Ming‐Fong,https://orcid.org/0000-0001-9046-2513,Feng Chia University,2169-3536
Nguyen,Duc Binh,NONE,Feng Chia University,2169-3536
Dow,Chyi‐Ren,https://orcid.org/0000-0002-0978-9576,Feng Chia University,2169-3536
Deng,Der‐Jiunn,https://orcid.org/0000-0001-8410-164X,National Changhua University of Education,2169-3536
Sheng,Zhengguo,https://orcid.org/0000-0003-2143-4003,University of Sussex,2169-3536
Mahapatra,Chinmaya,https://orcid.org/0000-0002-9198-0467,University of British Columbia,2169-3536
Zhu,Chunsheng,https://orcid.org/0000-0001-8041-0197,University of British Columbia,2169-3536
Leung,Victor C. M.,https://orcid.org/0000-0003-3529-2640,University of British Columbia,2169-3536
Akusok,Anton,https://orcid.org/0000-0002-9580-5033,University of Iowa,2169-3536
Björk,Kaj-Mikael,https://orcid.org/0000-0001-7720-5109,Arcada University of Applied Sciences,2169-3536
Miché,Yoan,NONE,Nokia (Australia),2169-3536
Lendasse,Amaury,https://orcid.org/0000-0001-5410-4751,University of Iowa,2169-3536
Gageik,Nils,NONE,Information Technology University,2169-3536
Benz,Paul,NONE,Information Technology University,2169-3536
Montenegro,Sérgio,https://orcid.org/0000-0002-3958-3018,Information Technology University,2169-3536
Xu,Yong,https://orcid.org/0000-0003-0530-2123,Cloud Computing Center; Harbin Institute of Technology,2169-3536
Wen,Jie,https://orcid.org/0000-0001-9554-2379,Cloud Computing Center; Harbin Institute of Technology,2169-3536
Fei,Lunke,https://orcid.org/0000-0001-6072-7875,Harbin Institute of Technology; Cloud Computing Center,2169-3536
Zhang,Zheng,https://orcid.org/0000-0003-1470-6998,Cloud Computing Center; Harbin Institute of Technology,2169-3536
Polyak,Adam,https://orcid.org/0000-0003-2563-2111,Tel Aviv University,2169-3536
Wolf,Lior,https://orcid.org/0000-0001-5578-8892,Tel Aviv University,2169-3536
Wang,Xiaofei,https://orcid.org/0000-0002-7223-1030,University of British Columbia,2169-3536
Li,Xiuhua,https://orcid.org/0000-0001-9041-0297,University of British Columbia,2169-3536
Leung,Victor C. M.,https://orcid.org/0000-0003-3529-2640,University of British Columbia,2169-3536
Galloway,Kevin S.,https://orcid.org/0000-0001-5604-6815,United States Naval Academy,2169-3536
Sreenath,Koushil,https://orcid.org/0000-0002-5346-3637,Carnegie Mellon University,2169-3536
Ames,Aaron D.,https://orcid.org/0000-0003-0848-3177,Texas A&M University,2169-3536
Grizzle,Jessy W.,https://orcid.org/0000-0001-7586-0142,University of Michigan–Ann Arbor,2169-3536
Qayyum,Faiza,https://orcid.org/0000-0001-9597-2387,Toronto Metropolitan University,2169-3536
Naeem,Muhammad,https://orcid.org/0000-0001-9734-4608,COMSATS University Islamabad,2169-3536
Khwaja,Ahmed Shaharyar,https://orcid.org/0000-0002-9012-989X,Toronto Metropolitan University,2169-3536
Anpalagan,Alagan,https://orcid.org/0000-0002-6646-6052,Toronto Metropolitan University,2169-3536
Guan,Ling,https://orcid.org/0000-0002-2681-2504,Toronto Metropolitan University,2169-3536
Venkatesh,Bala,https://orcid.org/0000-0002-0392-6269,Toronto Metropolitan University,2169-3536
Zhao,G.,NONE,Tsinghua University,2169-3536
Xu,Ke,https://orcid.org/0000-0003-2587-8517,Tsinghua University,2169-3536
Xu,Lei,https://orcid.org/0000-0001-9178-6640,Tsinghua University,2169-3536
Wu,Bangyu,https://orcid.org/0000-0001-9998-9071,Tsinghua University,2169-3536
Christidis,Konstantinos,https://orcid.org/0000-0001-6004-6594,North Carolina State University,2169-3536
Devetsikiotis,Michael,https://orcid.org/0000-0001-5053-4105,North Carolina State University,2169-3536
Kaushal,Hemani,https://orcid.org/0000-0002-1969-4212,The NorthCap University,2169-3536
Kaddoum,Georges,https://orcid.org/0000-0002-5025-6624,École de Technologie Supérieure; Laboratoire de communications et d'intégration de la microélectronique,2169-3536
Méndez-Rial,Roi,https://orcid.org/0000-0002-9991-0316,Universidade de Vigo,2169-3536
Rusu,Cristian,https://orcid.org/0000-0002-7165-1543,Universidade de Vigo,2169-3536
González–Prelcic,Nuria,https://orcid.org/0000-0002-0828-8454,Universidade de Vigo,2169-3536
Alkhateeb,Ahmed,https://orcid.org/0000-0001-5648-1569,The University of Texas at Austin,2169-3536
Heath,Robert W.,https://orcid.org/0000-0002-4666-5628,The University of Texas at Austin,2169-3536
Sun,Yunchuan,https://orcid.org/0000-0001-6064-3380,Beijing Normal University,2169-3536
Song,Houbing,https://orcid.org/0000-0003-2631-9223,West Virginia University Institute of Technology,2169-3536
Jara,Antonio J.,https://orcid.org/0000-0002-2651-6684,HES-SO University of Applied Sciences and Arts Western Switzerland,2169-3536
Bie,Rongfang,https://orcid.org/0000-0002-9971-7698,Beijing Normal University,2169-3536
Zhang,Ke,https://orcid.org/0000-0003-3081-7751,University of Electronic Science and Technology of China,2169-3536
Mao,Yuming,https://orcid.org/0000-0003-3573-4576,University of Electronic Science and Technology of China,2169-3536
Leng,Supeng,https://orcid.org/0000-0003-0049-5982,University of Electronic Science and Technology of China,2169-3536
Zhao,Quanxin,NONE,University of Electronic Science and Technology of China,2169-3536
Li,Longjiang,https://orcid.org/0000-0003-1388-3300,University of Electronic Science and Technology of China,2169-3536
Peng,Xin,https://orcid.org/0000-0002-0235-7228,Hunan Institute of Science and Technology,2169-3536
Li,Pan,https://orcid.org/0000-0001-6522-2446,Hunan Institute of Science and Technology,2169-3536
Maharjan,Sabita,https://orcid.org/0000-0002-4616-8488,Simula Research Laboratory,2169-3536
Zhang,Yan,NONE,Simula Research Laboratory,2169-3536
Ali,Md Shipon,https://orcid.org/0000-0001-5595-8783,University of Manitoba,2169-3536
Tabassum,Hina,https://orcid.org/0000-0002-1201-478X,University of Manitoba,2169-3536
Hossain,Ekram,https://orcid.org/0000-0002-5932-6887,University of Manitoba,2169-3536
Kaiwartya,Omprakash,https://orcid.org/0000-0001-9669-8244,University of Technology Malaysia,2169-3536
Abdullah,Abdul Hanan,https://orcid.org/0000-0002-4948-9607,University of Technology Malaysia,2169-3536
Cao,Yue,https://orcid.org/0000-0002-2098-7637,Northumbria University,2169-3536
Altameem,Ayman,https://orcid.org/0000-0002-9946-423X,King Saud University,2169-3536
Prasad,Mukesh,https://orcid.org/0000-0002-7745-9667,National Yang Ming Chiao Tung University,2169-3536
Lin,Chin‐Teng,https://orcid.org/0000-0001-8371-8197,National Yang Ming Chiao Tung University,2169-3536
Liu,Xiulei,https://orcid.org/0000-0002-9303-3682,Beijing Information Science & Technology University,2169-3536
Jaber,Mona,https://orcid.org/0000-0002-0908-3207,University of Surrey,2169-3536
Imran,Muhammad Ali,https://orcid.org/0000-0003-4743-9136,University of Surrey,2169-3536
Tafazolli,Rahim,https://orcid.org/0000-0002-6062-8639,University of Surrey,2169-3536
Tukmanov,Anvar,NONE,BT Research,2169-3536
Shi,Yun-Qing,NONE,New Jersey Institute of Technology,2169-3536
Li,Xiaolong,https://orcid.org/0000-0002-6111-9000,Peking University,2169-3536
Zhang,Xinpeng,https://orcid.org/0000-0002-0212-3501,Shanghai University,2169-3536
Wu,Hao‐Tian,https://orcid.org/0000-0001-6462-7193,Jiangnan University,2169-3536
Ma,Bin,https://orcid.org/0000-0002-9030-7393,Qilu University of Technology,2169-3536
Wang,Ge,https://orcid.org/0000-0002-2656-7705,Rensselaer Polytechnic Institute,2169-3536
Paul,Bryan,https://orcid.org/0000-0002-3960-1482,Arizona State University; General Dynamics (United States),2169-3536
Chiriyath,Alex R.,https://orcid.org/0000-0002-9879-8369,Arizona State University,2169-3536
Bliss,Daniel W.,https://orcid.org/0000-0001-8962-2954,Arizona State University,2169-3536
Gharibi,Mirmojtaba,https://orcid.org/0000-0003-4295-5051,University of Waterloo,2169-3536
Boutaba,Raouf,https://orcid.org/0000-0001-7936-6862,University of Waterloo,2169-3536
Waslander,Steven L.,https://orcid.org/0000-0003-4217-4415,University of Waterloo,2169-3536
Ban,Yong‐Ling,https://orcid.org/0000-0002-0226-9738,University of Electronic Science and Technology of China,2169-3536
Li,Chuan,https://orcid.org/0000-0003-4507-4487,University of Electronic Science and Technology of China,2169-3536
Sim,Chow‐Yen‐Desmond,https://orcid.org/0000-0001-8209-5901,Feng Chia University,2169-3536
Wu,Gang,https://orcid.org/0000-0001-9595-527X,University of Electronic Science and Technology of China,2169-3536
Wong,Kin‐Lu,https://orcid.org/0000-0001-6858-3060,National Sun Yat-sen University,2169-3536
Kim,Youngwook,https://orcid.org/0000-0002-4067-6254,California State University Fresno,2169-3536
Toomajian,Brian,NONE,California State University Fresno,2169-3536
Zhang,Jie,https://orcid.org/0000-0001-7415-7869,University of Liverpool; Xi’an Jiaotong-Liverpool University,2169-3536
Xue,Nian,https://orcid.org/0000-0001-6108-2562,University of Liverpool; Xi’an Jiaotong-Liverpool University,2169-3536
Huang,Xin,https://orcid.org/0000-0002-5909-5935,Xi’an Jiaotong-Liverpool University,2169-3536
Ali,Md Shipon,https://orcid.org/0000-0001-5595-8783,University of Manitoba,2169-3536
Hossain,Ekram,https://orcid.org/0000-0002-5932-6887,University of Manitoba,2169-3536
Kim,Dong In,https://orcid.org/0000-0001-7711-8072,Sungkyunkwan University,2169-3536
Yu,Shui,https://orcid.org/0000-0003-4485-6743,Deakin University,2169-3536
Sharmila,A.,https://orcid.org/0000-0002-5956-1801,Vellore Institute of Technology University,2169-3536
Geethanjali,P.,NONE,Vellore Institute of Technology University,2169-3536
Kaddoum,Georges,https://orcid.org/0000-0002-5025-6624,École de Technologie Supérieure; Université du Québec à Montréal,2169-3536
Wu,Jingxian,https://orcid.org/0000-0003-1167-6930,University of Arkansas at Fayetteville,2169-3536
Fan,Pingzhi,https://orcid.org/0000-0002-8281-6251,Southwest Jiaotong University,2169-3536
Yin,Chuanlong,https://orcid.org/0000-0003-0735-9019,ORCID,2169-3536
Zhu,Yuefei,https://orcid.org/0000-0002-9559-8783,NONE,2169-3536
Fei,Jinlong,NONE,NONE,2169-3536
He,Xinzheng,NONE,NONE,2169-3536
Yu,Wei,https://orcid.org/0000-0003-4522-7340,Towson University,2169-3536
Liang,Fan,https://orcid.org/0000-0003-2233-0118,Towson University,2169-3536
He,Xiaofei,https://orcid.org/0000-0001-9887-5566,Towson University; Xi'an Jiaotong University,2169-3536
Hatcher,William G.,https://orcid.org/0000-0001-9811-1304,Towson University,2169-3536
Lu,Chao,https://orcid.org/0000-0001-7517-2868,Towson University,2169-3536
Lin,Jie,https://orcid.org/0000-0003-3476-110X,Xi'an Jiaotong University,2169-3536
Yang,Xinyu,https://orcid.org/0000-0001-5117-4914,Xi'an Jiaotong University,2169-3536
Ker,Justin,https://orcid.org/0000-0003-1657-3711,National Neuroscience Institute,2169-3536
Wang,Lipo,https://orcid.org/0000-0002-4257-7639,Nanyang Technological University,2169-3536
Rao,Jai Prashanth,https://orcid.org/0000-0001-6296-5295,National Neuroscience Institute,2169-3536
Lim,C. C. Tchoyoson,https://orcid.org/0000-0001-9355-6988,National Neuroscience Institute,2169-3536
Akpakwu,Godfrey A.,https://orcid.org/0000-0002-8074-9681,University of Agriculture; University of Pretoria,2169-3536
Silva,Bruno,https://orcid.org/0000-0003-3956-3153,University of Pretoria,2169-3536
Hancke,Gerhard P.,https://orcid.org/0000-0002-2388-3542,City University of Hong Kong; University of Pretoria,2169-3536
Abu‐Mahfouz,Adnan M.,https://orcid.org/0000-0002-6413-3924,Council for Scientific and Industrial Research; University of Pretoria,2169-3536
Karim,Fazle,https://orcid.org/0000-0002-7998-8546,University of Illinois Chicago,2169-3536
Majumdar,Somshubra,https://orcid.org/0000-0001-5635-4893,University of Illinois Chicago,2169-3536
Darabi,Houshang,https://orcid.org/0000-0001-7881-6542,University of Illinois Chicago,2169-3536
Chen,Shun,https://orcid.org/0000-0002-8318-7960,University of Illinois Chicago,2169-3536
Chen,Min,https://orcid.org/0000-0002-0960-4447,Huazhong University of Science and Technology,2169-3536
Hao,Yixue,https://orcid.org/0000-0001-7296-2522,Huazhong University of Science and Technology,2169-3536
Hwang,Kai,https://orcid.org/0000-0003-2673-4953,University of Southern California,2169-3536
Wang,Lu,https://orcid.org/0000-0002-5881-6139,Huazhong University of Science and Technology,2169-3536
Wang,Lin,https://orcid.org/0000-0003-0881-9689,Huazhong University of Science and Technology,2169-3536
Tao,Fei,https://orcid.org/0000-0002-9020-0633,Beihang University; ORCID,2169-3536
Zhang,Meng,https://orcid.org/0000-0002-2253-4025,Beihang University,2169-3536
Xia,Qi,https://orcid.org/0000-0003-2245-2588,University of Electronic Science and Technology of China,2169-3536
Sifah,Emmanuel Boateng,https://orcid.org/0000-0002-9033-0825,University of Electronic Science and Technology of China,2169-3536
Asamoah,Kwame Omono,https://orcid.org/0000-0001-7361-1986,University of Electronic Science and Technology of China,2169-3536
Gao,Jianbin,https://orcid.org/0000-0001-7014-6417,University of Electronic Science and Technology of China,2169-3536
Du,Xiaojiang,https://orcid.org/0000-0003-4235-9671,Temple University,2169-3536
Guizani,Mohsen,https://orcid.org/0000-0002-8972-8094,University of Idaho,2169-3536
Chen,Baotong,https://orcid.org/0000-0003-2324-4916,South China University of Technology,2169-3536
Wan,Jiafu,https://orcid.org/0000-0001-9188-4179,South China University of Technology,2169-3536
Shu,Lei,https://orcid.org/0000-0002-6700-9347,Nanjing Agricultural University; University of Lincoln,2169-3536
Li,Peng,https://orcid.org/0000-0002-7181-7304,Ostwestfalen-Lippe University of Applied Sciences and Arts,2169-3536
Mukherjee,Mithun,https://orcid.org/0000-0002-6605-180X,Guangdong University of Petrochemical Technology,2169-3536
Yin,Boxing,NONE,Jiangxi University of Science and Technology,2169-3536
Baker,Stephanie,https://orcid.org/0000-0003-0467-7791,James Cook University,2169-3536
Xiang,Wei,https://orcid.org/0000-0002-0608-065X,James Cook University,2169-3536
Atkinson,Ian,https://orcid.org/0000-0002-2295-6818,James Cook University,2169-3536
Wang,Shuo,https://orcid.org/0000-0003-1122-0677,Beijing University of Posts and Telecommunications,2169-3536
Zhang,Xing,https://orcid.org/0000-0003-4345-6166,Beijing University of Posts and Telecommunications,2169-3536
Zhang,Yan,NONE,University of Oslo,2169-3536
Wang,Lin,https://orcid.org/0000-0001-8650-3802,Beijing University of Posts and Telecommunications,2169-3536
Yang,Juwo,NONE,Beijing University of Posts and Telecommunications,2169-3536
Wang,Wenbo,https://orcid.org/0000-0002-0911-3189,Beijing University of Posts and Telecommunications,2169-3536
Marjani,Mohsen,https://orcid.org/0000-0002-7445-7332,University of Malaya; ORCID,2169-3536
Nasaruddin,Fariza Hanum,https://orcid.org/0000-0003-2822-2214,University of Malaya,2169-3536
Gani,Abdullah,https://orcid.org/0000-0002-4388-020X,University of Malaya,2169-3536
Karim,Ahmad,https://orcid.org/0000-0003-2826-6188,Bahauddin Zakariya University,2169-3536
Hashem,Mohamed,https://orcid.org/0000-0001-7611-9540,University of Malaya; ORCID,2169-3536
Siddiqa,Aisha,https://orcid.org/0000-0002-1016-758X,University of Malaya,2169-3536
Yaqoob,Ibrar,https://orcid.org/0000-0002-8438-3429,University of Malaya; ORCID,2169-3536
Ge,Zhiqiang,https://orcid.org/0000-0002-2071-4380,State Key Laboratory of Industrial Control Technology,2169-3536
Song,Zhihuan,NONE,State Key Laboratory of Industrial Control Technology,2169-3536
Ding,Steven X.,https://orcid.org/0000-0002-5149-5918,University of Duisburg-Essen,2169-3536
Huang,Biao,https://orcid.org/0000-0001-9082-2216,University of Alberta,2169-3536
L’Heureux,Alexandra,https://orcid.org/0000-0003-0217-0970,Western University,2169-3536
Grolinger,Katarina,https://orcid.org/0000-0003-0062-8212,Western University,2169-3536
ElYamany,Hany F.,https://orcid.org/0000-0003-2309-9560,Suez Canal University; Western University,2169-3536
Capretz,Miriam A. M.,https://orcid.org/0000-0002-1380-971X,Western University,2169-3536
Başar,Ertuğrul,https://orcid.org/0000-0001-5566-2392,Istanbul Technical University,2169-3536
Wen,Miaowen,https://orcid.org/0000-0002-9638-7048,South China University of Technology,2169-3536
Mesleh,Raed,https://orcid.org/0000-0001-6838-2816,German Jordanian University,2169-3536
Renzo,Marco Di,https://orcid.org/0000-0003-0772-8793,CentraleSupélec; Université Paris-Saclay; Centre National de la Recherche Scientifique,2169-3536
Xiao,Yue,https://orcid.org/0000-0002-2127-8947,University of Electronic Science and Technology of China,2169-3536
Haas,Harald,https://orcid.org/0000-0001-9705-2701,University of Edinburgh,2169-3536
Xiong,Rui,https://orcid.org/0000-0003-4608-7597,Beijing Institute of Technology,2169-3536
Cao,Jiayi,https://orcid.org/0000-0001-9753-7338,Beijing Institute of Technology,2169-3536
Yu,Quanqing,NONE,Beijing Institute of Technology,2169-3536
He,Hongwen,NONE,Beijing Institute of Technology,2169-3536
Sun,Fengchun,https://orcid.org/0000-0001-9524-9367,Beijing Institute of Technology,2169-3536
Ullah,Amin,https://orcid.org/0000-0001-7538-2689,Sejong University; ORCID,2169-3536
Ahmad,Jamil,https://orcid.org/0000-0001-8407-5971,Sejong University; ORCID,2169-3536
Muhammad,Khan,https://orcid.org/0000-0002-5302-1150,ORCID; Sejong University,2169-3536
Sajjad,Muhammad,https://orcid.org/0000-0001-5646-0338,Islamia College University; ORCID,2169-3536
Baik,Sung Wook,https://orcid.org/0000-0002-6678-7788,Sejong University,2169-3536
Kumar,Dinesh,https://orcid.org/0000-0003-2555-511X,Danfoss (Denmark),2169-3536
Zare,Firuz,https://orcid.org/0000-0002-6051-6258,University of Queensland,2169-3536
Ghosh,Arindam,https://orcid.org/0000-0002-7808-5521,Curtin University,2169-3536
López-Martín,Manuel,https://orcid.org/0000-0003-3550-560X,Universidad de Valladolid,2169-3536
Carro,Belén,https://orcid.org/0000-0001-7051-8479,Universidad de Valladolid,2169-3536
Sánchez-Esguevillas,Antonio,https://orcid.org/0000-0003-3620-1106,Universidad de Valladolid,2169-3536
Lloret,Jaime,https://orcid.org/0000-0002-0862-0533,Universitat Politècnica de València,2169-3536
Sharma,Pradip Kumar,https://orcid.org/0000-0001-6620-9083,Seoul National University of Science and Technology,2169-3536
Chen,Mu‐Yen,https://orcid.org/0000-0002-3945-4363,National Taichung University of Science and Technology,2169-3536
Park,Jong Hyuk,https://orcid.org/0000-0003-1831-0309,Seoul National University of Science and Technology,2169-3536
Adadi,Amina,https://orcid.org/0000-0002-9697-666X,ORCID; Sidi Mohamed Ben Abdellah University,2169-3536
Berrada,Mohammed,https://orcid.org/0000-0003-4167-2324,Sidi Mohamed Ben Abdellah University,2169-3536
Akhtar,Naveed,https://orcid.org/0000-0003-3406-673X,University of Western Australia,2169-3536
Mian,Ajmal,https://orcid.org/0000-0002-5206-3842,University of Western Australia,2169-3536
Qi,Qinglin,https://orcid.org/0000-0002-3247-0440,Beihang University,2169-3536
Tao,Fei,https://orcid.org/0000-0002-9020-0633,Beihang University; ORCID,2169-3536
Xin,Yang,https://orcid.org/0000-0002-9706-3950,Guizhou University,2169-3536
Kong,Lingshuang,NONE,Shandong University,2169-3536
Liu,Zhi,https://orcid.org/0000-0002-7640-5982,Shandong University,2169-3536
Chen,Yuling,https://orcid.org/0000-0002-8674-8356,Guizhou University,2169-3536
Li,Yanmiao,NONE,Beijing University of Posts and Telecommunications,2169-3536
Zhu,Hongliang,https://orcid.org/0000-0003-2448-2027,Beijing University of Posts and Telecommunications,2169-3536
Gao,Mingcheng,https://orcid.org/0000-0002-5246-1162,Beijing University of Posts and Telecommunications,2169-3536
Hou,Haixia,https://orcid.org/0000-0003-1513-7512,Beijing University of Posts and Telecommunications,2169-3536
Wang,Chunhua,https://orcid.org/0000-0001-6522-9795,Dongfeng Motor Group (China),2169-3536
Popovski,Petar,https://orcid.org/0000-0001-6195-4797,Aalborg University,2169-3536
Trillingsgaard,Kasper Fløe,https://orcid.org/0000-0003-1242-2246,Aalborg University,2169-3536
Simeone,Osvaldo,https://orcid.org/0000-0001-9898-3209,King's College London,2169-3536
Durisi,Giuseppe,https://orcid.org/0000-0002-3941-4038,Chalmers University of Technology,2169-3536
Hannan,M. A.,https://orcid.org/0000-0001-8367-4112,Universiti Tenaga Nasional,2169-3536
Hoque,Md Murshadul,https://orcid.org/0000-0001-9182-4010,University of Chittagong,2169-3536
Hussain,Aini,https://orcid.org/0000-0001-7347-7879,National University of Malaysia,2169-3536
Yusof,Yushaizad,https://orcid.org/0000-0002-3823-2961,National University of Malaysia,2169-3536
Ker,Pin Jern,https://orcid.org/0000-0002-5703-1735,Universiti Tenaga Nasional,2169-3536
Bianco,Simone,https://orcid.org/0000-0002-7070-1545,University of Milano-Bicocca,2169-3536
Cadène,Rémi,NONE,Centre National de la Recherche Scientifique; Sorbonne Université,2169-3536
Celona,Luigi,https://orcid.org/0000-0002-5925-2646,University of Milano-Bicocca,2169-3536
Napoletano,Paolo,https://orcid.org/0000-0001-9112-0574,University of Milano-Bicocca,2169-3536
Dorri,Ali,https://orcid.org/0000-0002-6789-6353,UNSW Sydney,2169-3536
Kanhere,Salil S.,https://orcid.org/0000-0002-1835-3475,UNSW Sydney,2169-3536
Jurdak,Raja,https://orcid.org/0000-0001-7517-0782,Commonwealth Scientific and Industrial Research Organisation,2169-3536
Turkanović,Muhamed,https://orcid.org/0000-0002-5079-5468,University of Maribor,2169-3536
Hölbl,Marko,https://orcid.org/0000-0002-9414-3189,University of Maribor,2169-3536
Košič,Kristjan,NONE,University of Maribor,2169-3536
Heričko,Marjan,https://orcid.org/0000-0002-1094-0085,University of Maribor,2169-3536
Kamišalić,Aida,https://orcid.org/0000-0002-8574-8506,University of Maribor,2169-3536
Zhang,Xihai,https://orcid.org/0000-0001-6370-6279,Northeast Agricultural University,2169-3536
Qiao,Yue,https://orcid.org/0000-0002-6773-2551,Northeast Agricultural University,2169-3536
Meng,Fanfeng,NONE,Northeast Agricultural University,2169-3536
Fan,Chengguo,https://orcid.org/0000-0003-0202-798X,Northeast Agricultural University,2169-3536
Zhang,Mingming,https://orcid.org/0000-0003-4205-3146,Northeast Agricultural University,2169-3536
Wang,Shangping,https://orcid.org/0000-0002-8964-5328,Xi'an University of Technology,2169-3536
Zhang,Yinglong,https://orcid.org/0000-0002-5685-1379,Xi'an University of Technology,2169-3536
Zhang,Yaling,https://orcid.org/0000-0002-1759-6678,Xi'an University of Technology,2169-3536
Hatcher,William G.,https://orcid.org/0000-0001-9811-1304,Towson University,2169-3536
Yu,Wei,https://orcid.org/0000-0003-4522-7340,Towson University; ORCID,2169-3536
Ahmad,Iftikhar,https://orcid.org/0000-0002-3439-3549,King Abdulaziz University,2169-3536
Basheri,Mohammad,NONE,King Abdulaziz University,2169-3536
Iqbal,Muhammad,https://orcid.org/0000-0002-8505-7705,University of Engineering and Technology Taxila,2169-3536
Rahim,Aneel,NONE,NONE,2169-3536
Faisal,M.,https://orcid.org/0000-0002-5660-0203,Universiti Tenaga Nasional,2169-3536
Hannan,M. A.,https://orcid.org/0000-0001-8367-4112,Universiti Tenaga Nasional,2169-3536
Ker,Pin Jern,https://orcid.org/0000-0002-5703-1735,Universiti Tenaga Nasional,2169-3536
Hussain,Aini,https://orcid.org/0000-0001-7347-7879,National University of Malaysia,2169-3536
Mansor,Muhamad,https://orcid.org/0000-0001-9843-1316,Universiti Tenaga Nasional,2169-3536
Blaabjerg,Frede,https://orcid.org/0000-0001-8311-7412,Aalborg University,2169-3536
Xu,Hansong,https://orcid.org/0000-0002-6930-1624,Towson University,2169-3536
Yu,Wei,https://orcid.org/0000-0003-4522-7340,Towson University,2169-3536
Griffith,David,https://orcid.org/0000-0002-7986-1924,Communications Technology Laboratory; National Institute of Standards and Technology,2169-3536
Golmie,Nada,https://orcid.org/0000-0002-2898-1651,National Institute of Standards and Technology; Communications Technology Laboratory,2169-3536
Elhoseny,Mohamed,https://orcid.org/0000-0001-6347-8368,Mansoura University,2169-3536
Ramírez-González,Gustavo,https://orcid.org/0000-0002-1338-8820,University of Cauca,2169-3536
Abu-Elnasr,Osama,https://orcid.org/0000-0001-7369-8188,Mansoura University,2169-3536
Shawkat‎‎,Shihab A.,https://orcid.org/0000-0002-9529-2151,NONE,2169-3536
Arunkumar,N.,NONE,SASTRA University,2169-3536
Farouk,Ahmed,https://orcid.org/0000-0001-8702-7342,Mansoura University,2169-3536
Carneiro,Tiago,https://orcid.org/0000-0002-6145-8352,Instituto Federal de Educação Ciência e Tecnologia do Ceará,2169-3536
Nóbrega,Raul Victor M. da,https://orcid.org/0000-0003-4667-4222,Instituto Federal de Educação Ciência e Tecnologia do Ceará,2169-3536
Nepomuceno,Thiago,https://orcid.org/0000-0001-9609-5419,Fraunhofer Center for Applied Research on Supply Chain Services,2169-3536
Bian,Gui‐Bin,https://orcid.org/0000-0003-4708-2245,Shandong Institute of Automation; Chinese Academy of Sciences,2169-3536
Albuquerque,Victor Hugo C. de,https://orcid.org/0000-0003-3886-4309,Universidade de Fortaleza,2169-3536
Filho,Pedro P. Rebouças,https://orcid.org/0000-0002-1878-5489,Instituto Federal de Educação Ciência e Tecnologia do Ceará,2169-3536
Naha,Ranesh Kumar,https://orcid.org/0000-0003-4165-9349,University of Tasmania,2169-3536
Garg,Saurabh,https://orcid.org/0000-0001-8719-284X,University of Tasmania,2169-3536
Georgakopoulos,Dimitrios,https://orcid.org/0000-0001-7880-2140,Swinburne University of Technology,2169-3536
Jayaraman,Prem Prakash,https://orcid.org/0000-0003-4500-3443,Swinburne University of Technology,2169-3536
Gao,Longxiang,https://orcid.org/0000-0002-3026-7537,Deakin University,2169-3536
Xiang,Yong,https://orcid.org/0000-0003-3545-7863,Deakin University,2169-3536
Ranjan,Rajiv,https://orcid.org/0000-0002-6610-1328,Newcastle University,2169-3536
Min,Erxue,https://orcid.org/0000-0002-1972-6608,National University of Defense Technology,2169-3536
Guo,Xifeng,https://orcid.org/0000-0002-3556-1516,National University of Defense Technology,2169-3536
Liu,Qiang,https://orcid.org/0000-0003-2922-3518,National University of Defense Technology,2169-3536
Zhang,Gen,https://orcid.org/0000-0001-7709-0751,National University of Defense Technology,2169-3536
Cui,Jianjing,NONE,National University of Defense Technology,2169-3536
Long,Jun,https://orcid.org/0000-0002-1745-0791,National University of Defense Technology,2169-3536
Zhang,Dahai,https://orcid.org/0000-0002-5708-2196,Zhejiang Ocean University; Zhejiang University,2169-3536
Qian,Liyang,NONE,Zhejiang Ocean University; Zhejiang University,2169-3536
Mao,Baijin,NONE,Zhejiang Ocean University; Zhejiang University,2169-3536
Huang,Can,https://orcid.org/0000-0001-7128-6964,Zhejiang Ocean University; Zhejiang University,2169-3536
Huang,Bin,https://orcid.org/0000-0001-8609-712X,Zhejiang Ocean University; Zhejiang University,2169-3536
Si,Yulin,https://orcid.org/0000-0002-7364-1293,Zhejiang Ocean University; Zhejiang University,2169-3536
Başar,Ertuğrul,https://orcid.org/0000-0001-5566-2392,Istanbul Technical University,2169-3536
Renzo,Marco Di,https://orcid.org/0000-0003-0772-8793,Laboratoire des signaux et systèmes,2169-3536
Rosny,Julien de,https://orcid.org/0000-0001-8209-532X,Institut Jean Nicod; Institut Langevin,2169-3536
Debbah,Mérouane,https://orcid.org/0000-0001-8941-8080,CentraleSupélec,2169-3536
Alouini,Mohamed‐Slim,https://orcid.org/0000-0003-4827-1793,King Abdullah University of Science and Technology,2169-3536
Zhang,Rui,https://orcid.org/0000-0002-8729-8393,Rice University,2169-3536
Rappaport,Theodore S.,https://orcid.org/0000-0001-7449-9957,New York University,2169-3536
Xing,Yunchou,https://orcid.org/0000-0003-0378-2696,New York University,2169-3536
Kanhere,Ojas,https://orcid.org/0000-0001-6864-7247,New York University,2169-3536
Ju,Shihao,https://orcid.org/0000-0002-0661-3241,New York University,2169-3536
Madanayake,Arjuna,https://orcid.org/0000-0003-3478-6702,Florida International University,2169-3536
Mandal,Soumyajit,https://orcid.org/0000-0001-9070-2337,Case Western Reserve University,2169-3536
Alkhateeb,Ahmed,https://orcid.org/0000-0001-5648-1569,Arizona State University,2169-3536
Trichopoulos,Georgios C.,https://orcid.org/0000-0002-9030-9348,Arizona State University,2169-3536
Shakhatreh,Hazim,https://orcid.org/0000-0002-5350-3694,ORCID; Yarmouk University,2169-3536
Sawalmeh,Ahmad,https://orcid.org/0000-0002-7040-8963,ORCID; Universiti Tenaga Nasional,2169-3536
Al‐Fuqaha,Ala,https://orcid.org/0000-0002-0903-1204,ORCID; Hamad bin Khalifa University,2169-3536
Dou,Zuochao,https://orcid.org/0000-0002-3880-5125,Vietnamese Voluntary Foundation,2169-3536
Almaita,Eyad,https://orcid.org/0000-0002-9601-4014,Tafila Technical University,2169-3536
Khalil,Issa,https://orcid.org/0000-0002-7660-9512,Qatar Cardiovascular Research Center,2169-3536
Othman,Noor Shamsiah,https://orcid.org/0000-0002-1849-6687,Universiti Tenaga Nasional; ORCID,2169-3536
Khreishah,Abdallah,https://orcid.org/0000-0003-1583-713X,New Jersey Institute of Technology,2169-3536
Guizani,Mohsen,https://orcid.org/0000-0002-8972-8094,University of Idaho,2169-3536
Shrestha,Ajay,https://orcid.org/0000-0001-5595-5953,University of Bridgeport,2169-3536
Mahmood,Ausif,https://orcid.org/0000-0002-8991-4268,University of Bridgeport,2169-3536
Mohan,Senthilkumar,https://orcid.org/0000-0002-8114-3147,Vellore Institute of Technology University,2169-3536
Thirumalai,Chandrasegar,https://orcid.org/0000-0001-5171-946X,Vellore Institute of Technology University,2169-3536
Srivastava,Gautam,https://orcid.org/0000-0001-9851-4103,Brandon University,2169-3536
Vinayakumar,R.,NONE,Amrita Vishwa Vidyapeetham,2169-3536
Alazab,Mamoun,https://orcid.org/0000-0002-1928-3704,Charles Darwin University,2169-3536
Soman,K. P.,NONE,Amrita Vishwa Vidyapeetham,2169-3536
Poornachandran,Prabaharan,NONE,Amrita Vishwa Vidyapeetham,2169-3536
Al-Nemrat,Ameer,NONE,University of East London,2169-3536
Venkatraman,Sitalakshmi,https://orcid.org/0000-0002-2772-133X,Melbourne Polytechnic,2169-3536
Hassija,Vikas,https://orcid.org/0000-0002-3199-8753,Jaypee Institute of Information Technology,2169-3536
Chamola,Vinay,https://orcid.org/0000-0002-6730-3060,Birla Institute of Technology and Science Pilani,2169-3536
Saxena,Vikas,https://orcid.org/0000-0002-1698-1435,Jaypee Institute of Information Technology,2169-3536
Jain,Divyansh,https://orcid.org/0000-0002-1977-0107,Jaypee Institute of Information Technology,2169-3536
Goyal,Pranav,https://orcid.org/0000-0003-1411-7456,Jaypee Institute of Information Technology,2169-3536
Sikdar,Biplab,https://orcid.org/0000-0002-0084-4647,National University of Singapore,2169-3536
Jiao,Licheng,https://orcid.org/0000-0003-3354-9617,Xidian University,2169-3536
Zhang,Fan,https://orcid.org/0000-0001-9715-867X,Xidian University,2169-3536
Liu,Fang,https://orcid.org/0000-0002-5669-9354,Xidian University,2169-3536
Yang,Shuyuan,https://orcid.org/0000-0002-4796-5737,Xidian University,2169-3536
Li,Lingling,https://orcid.org/0000-0002-6130-2518,Xidian University,2169-3536
Feng,Zhixi,https://orcid.org/0000-0002-7372-9180,Xidian University,2169-3536
Qu,Rong,https://orcid.org/0000-0001-8318-7509,University of Nottingham,2169-3536
Barricelli,Barbara Rita,https://orcid.org/0000-0001-9575-5542,University of Brescia,2169-3536
Casiraghi,Elena,https://orcid.org/0000-0003-2024-7572,University of Milan,2169-3536
Fogli,Daniela,https://orcid.org/0000-0003-1479-2240,University of Brescia,2169-3536
Monrat,Ahmed Afif,https://orcid.org/0000-0001-9801-7625,Luleå University of Technology,2169-3536
Schelén,Olov,https://orcid.org/0000-0002-4031-2872,Luleå University of Technology,2169-3536
Andersson,Karl,https://orcid.org/0000-0003-0244-3561,Luleå University of Technology,2169-3536
Ayaz,Muhammad,NONE,University of Tabuk,2169-3536
Uddin,Mohammad Ammad,https://orcid.org/0000-0001-6568-0789,University of Tabuk,2169-3536
Sharif,Zubair,https://orcid.org/0000-0002-3216-6342,COMSATS University Islamabad,2169-3536
Mansour,Ali,https://orcid.org/0000-0003-4144-8832,École nationale supérieure de techniques avancées Bretagne; Université de Bretagne Occidentale; Laboratoire des Sciences et Techniques de l’Information de la Communication et de la Connaissance; Centre National de la Recherche Scientifique,2169-3536
Aggoune,El‐Hadi M.,https://orcid.org/0000-0002-2453-5275,University of Tabuk,2169-3536
Wang,Wenbo,https://orcid.org/0000-0002-7500-8723,Nanyang Technological University,2169-3536
Hoang,Dinh Thai,https://orcid.org/0000-0002-9528-0863,University of Technology Sydney,2169-3536
Hu,Peizhao,https://orcid.org/0000-0001-7260-6325,Rochester Institute of Technology,2169-3536
Xiong,Zehui,https://orcid.org/0000-0002-4440-941X,Nanyang Technological University,2169-3536
Niyato,Dusit,https://orcid.org/0000-0002-7442-7416,Nanyang Technological University,2169-3536
Wang,Ping,https://orcid.org/0000-0002-1599-5480,York University,2169-3536
Wen,Yonggang,https://orcid.org/0000-0002-2751-5114,Nanyang Technological University,2169-3536
Kim,Dong In,https://orcid.org/0000-0001-7711-8072,Sungkyunkwan University,2169-3536
Salah,Khaled,https://orcid.org/0000-0002-2310-2558,Khalifa University of Science and Technology,2169-3536
Rehman,Muhammad Habib ur,https://orcid.org/0000-0001-7428-2272,National University of Computer and Emerging Sciences,2169-3536
Nizamuddin,Nishara,https://orcid.org/0000-0002-8346-7161,Khalifa University of Science and Technology,2169-3536
Al‐Fuqaha,Ala,https://orcid.org/0000-0002-0903-1204,Western Michigan University,2169-3536
Gu,Tianyu,https://orcid.org/0000-0001-5134-3896,New York University,2169-3536
Liu,Kang,https://orcid.org/0000-0001-7231-8315,New York University,2169-3536
Dolan-Gavitt,Brendan,https://orcid.org/0000-0002-8867-4282,New York University,2169-3536
Garg,Siddharth,https://orcid.org/0000-0002-6158-9512,New York University,2169-3536
Ghosh,Amitabha,NONE,Nokia (United States),2169-3536
Maeder,Andreas,https://orcid.org/0000-0003-3228-0599,Nokia (United States),2169-3536
Baker,Matthew,https://orcid.org/0000-0003-0053-163X,Nokia (United States),2169-3536
Chandramouli,Devaki,https://orcid.org/0000-0002-4209-7547,Nokia (United States),2169-3536
Farooq,Muhammad Shoaib,https://orcid.org/0000-0002-4095-8868,University of Management and Technology,2169-3536
Riaz,Shamyla,https://orcid.org/0000-0002-1066-3356,University of Management and Technology,2169-3536
Abid,Adnan,https://orcid.org/0000-0003-2602-2876,University of Management and Technology,2169-3536
Abid,Kamran,https://orcid.org/0000-0002-6622-2883,University of the Punjab,2169-3536
Naeem,Muhammad Azhar,https://orcid.org/0000-0003-4759-4590,University of the Punjab,2169-3536
Jiang,Peng,https://orcid.org/0000-0003-2642-1949,Northwest A&F University,2169-3536
Chen,Yuehan,https://orcid.org/0000-0002-3603-9842,Northwest A&F University,2169-3536
Liu,Bin,https://orcid.org/0000-0001-9388-0198,Northwest A&F University,2169-3536
He,Dongjian,https://orcid.org/0000-0002-8074-7571,Northwest A&F University,2169-3536
Liang,Chunquan,https://orcid.org/0000-0002-3569-6998,Northwest A&F University; Ministry of Agriculture and Rural Affairs,2169-3536
Ho,Yaoshiang,https://orcid.org/0000-0003-0822-6269,NONE,2169-3536
Wookey,Samuel,https://orcid.org/0000-0002-7025-5047,NONE,2169-3536
Salah,Khaled,https://orcid.org/0000-0002-2310-2558,Khalifa University of Science and Technology,2169-3536
Nizamuddin,Nishara,https://orcid.org/0000-0002-8346-7161,Khalifa University of Science and Technology,2169-3536
Jayaraman,Raja,https://orcid.org/0000-0002-2749-2688,Khalifa University of Science and Technology,2169-3536
Omar,Mohammad,NONE,Khalifa University of Science and Technology,2169-3536
Sultan,Hossam H.,https://orcid.org/0000-0002-6958-7503,Helwan University,2169-3536
Salem,Nancy M.,https://orcid.org/0000-0001-7093-2944,Helwan University,2169-3536
Al‐Atabany,Walid,https://orcid.org/0000-0002-8141-2511,Helwan University,2169-3536
Chowdhury,Muhammad E. H.,https://orcid.org/0000-0003-0744-8206,Qatar University,2169-3536
Rahman,Tawsifur,https://orcid.org/0000-0002-6938-6496,University of Dhaka,2169-3536
Khandakar,Amith,https://orcid.org/0000-0001-7068-9112,Qatar University,2169-3536
Mazhar,Rashid,https://orcid.org/0000-0003-4255-8996,Hamad General Hospital,2169-3536
Kadir,Muhammad Abdul,https://orcid.org/0000-0002-4535-9215,University of Dhaka,2169-3536
Mahbub,Zaid Bin,https://orcid.org/0000-0003-3877-0177,North South University,2169-3536
Islam,Khandaker Reajul,https://orcid.org/0000-0003-2863-8156,Bangabandhu Sheikh Mujib Medical University,2169-3536
Khan,Muhammad Salman,https://orcid.org/0000-0001-9709-8179,University of Engineering and Technology Peshawar,2169-3536
Iqbal,Atif,https://orcid.org/0000-0002-6932-4367,Qatar University,2169-3536
Emadi,Nasser Al,NONE,University of Engineering and Technology Peshawar,2169-3536
Reaz,Mamun Bin Ibne,https://orcid.org/0000-0002-0459-0365,National University of Malaysia,2169-3536
Islam,Mohammad Tariqul,https://orcid.org/0000-0002-4929-3209,National University of Malaysia,2169-3536
Fuller,Aidan,https://orcid.org/0000-0002-3391-2407,Keele University,2169-3536
Fan,Zhong,https://orcid.org/0000-0002-5575-1536,Keele University,2169-3536
Day,Charles,https://orcid.org/0000-0001-9707-9189,Keele University,2169-3536
Barlow,Chris,NONE,NONE,2169-3536
Sinaga,Kristina Pestaria,https://orcid.org/0009-0000-6184-829X,Chung Yuan Christian University,2169-3536
Yang,Miin‐Shen,https://orcid.org/0000-0002-4907-3548,Chung Yuan Christian University,2169-3536
Blank,Julian,https://orcid.org/0000-0002-2227-6476,Michigan State University,2169-3536
Deb,Kalyanmoy,https://orcid.org/0000-0001-7402-9939,Michigan State University,2169-3536
Yurtsever,Ekim,https://orcid.org/0000-0002-3103-6052,Nagoya University,2169-3536
Lambert,Jacob,https://orcid.org/0000-0003-0392-9635,Nagoya University,2169-3536
Carballo,Alexander,https://orcid.org/0000-0002-5941-2195,Nagoya University,2169-3536
Takeda,Kazuya,https://orcid.org/0000-0002-0330-1787,Nagoya University,2169-3536
Rasheed,Adil,https://orcid.org/0000-0003-2690-983X,Norwegian University of Science and Technology; SINTEF; SINTEF Digital,2169-3536
San,Omer,https://orcid.org/0000-0002-2241-4648,Oklahoma State University,2169-3536
Kvamsdal,Trond,https://orcid.org/0000-0002-1615-7649,SINTEF; SINTEF Digital; Norwegian University of Science and Technology,2169-3536
Akyildiz,Ian F.,https://orcid.org/0000-0002-8099-3529,Georgia Institute of Technology,2169-3536
Kak,A.C.,https://orcid.org/0000-0001-5142-7715,Georgia Institute of Technology,2169-3536
Nie,Shuai,https://orcid.org/0000-0002-1038-4146,Georgia Institute of Technology,2169-3536
Cao,Keyan,NONE,Shenyang Jianzhu University,2169-3536
Liu,Yefan,https://orcid.org/0000-0001-5070-1305,Shenyang Jianzhu University,2169-3536
Meng,Gongjie,NONE,Shenyang Jianzhu University,2169-3536
Sun,Qimeng,NONE,Shenyang Jianzhu University,2169-3536
Pham,Quoc‐Viet,https://orcid.org/0000-0002-9485-9216,Pusan National University,2169-3536
Fang,Fang,https://orcid.org/0000-0002-6582-6570,Durham University; University of Manchester,2169-3536
Ha,Vu Nguyen,https://orcid.org/0000-0003-1325-3480,Polytechnique Montréal,2169-3536
Piran,Md. Jalil,https://orcid.org/0000-0003-3229-6785,Sejong University,2169-3536
Le,Mai,https://orcid.org/0000-0002-8140-1273,Inje University,2169-3536
Le,Long Bao,https://orcid.org/0000-0003-3577-6530,Université du Québec à Montréal; Institut National de la Recherche Scientifique,2169-3536
Hwang,Won‐Joo,https://orcid.org/0000-0001-8398-564X,Pusan National University,2169-3536
Ding,Zhiguo,https://orcid.org/0000-0001-5280-384X,University of Manchester,2169-3536
Roscher,Ribana,https://orcid.org/0000-0003-0094-6210,University of Bonn,2169-3536
Bohn,Bastian,https://orcid.org/0000-0001-5663-7527,University of Bonn,2169-3536
Duarte,Marco F.,https://orcid.org/0000-0001-8410-3266,University of Massachusetts Amherst,2169-3536
Garcke,Jochen,https://orcid.org/0000-0002-8334-3695,University of Bonn; Fraunhofer Institute for Algorithms and Scientific Computing,2169-3536
Waheed,Abdul,https://orcid.org/0000-0002-0974-6154,NONE,2169-3536
Goyal,Muskan,NONE,NONE,2169-3536
Gupta,Deepak,https://orcid.org/0000-0002-3019-7161,NONE,2169-3536
Khanna,Ashish,https://orcid.org/0000-0002-8418-3929,NONE,2169-3536
Al‐Turjman,Fadi,https://orcid.org/0000-0001-5418-873X,Near East University,2169-3536
Pinheiro,Plácido Rogério,https://orcid.org/0000-0002-1718-1712,Universidade Estadual do Ceará; Universidade de Fortaleza,2169-3536
Dai,Linglong,https://orcid.org/0000-0002-4250-7315,Center for Information Technology,2169-3536
Wang,Bichai,https://orcid.org/0000-0003-0627-8292,Center for Information Technology,2169-3536
Wang,Min,https://orcid.org/0000-0001-7838-8947,Chongqing University of Posts and Telecommunications,2169-3536
Yang,Xue,https://orcid.org/0000-0003-3377-0637,Center for Information Technology,2169-3536
Tan,Jingbo,https://orcid.org/0000-0003-4365-7435,Center for Information Technology,2169-3536
Bi,Shuangkaisheng,https://orcid.org/0000-0002-8845-3797,Center for Information Technology,2169-3536
Xu,Shenheng,https://orcid.org/0000-0003-0105-8194,Center for Information Technology,2169-3536
Yang,Fan,https://orcid.org/0000-0002-0362-4236,Center for Information Technology,2169-3536
Chen,Zhi,https://orcid.org/0000-0003-2943-9861,Chengdu University of Information Technology,2169-3536
Renzo,Marco Di,https://orcid.org/0000-0003-0772-8793,Laboratoire des signaux et systèmes,2169-3536
Chae,Chan‐Byoung,https://orcid.org/0000-0001-9561-3341,Yonsei University,2169-3536
Hanzo,Lajos,https://orcid.org/0000-0002-2636-5214,University of Southampton,2169-3536
Gadekallu,Thippa Reddy,https://orcid.org/0000-0003-0097-801X,Vellore Institute of Technology University,2169-3536
Maddikunta,Praveen Kumar Reddy,https://orcid.org/0000-0003-4209-2495,Vellore Institute of Technology University,2169-3536
Lakshmanna,Kuruva,https://orcid.org/0000-0003-3480-4851,Vellore Institute of Technology University,2169-3536
Kaluri,Rajesh,https://orcid.org/0000-0003-2073-9833,Vellore Institute of Technology University,2169-3536
Rajput,Dharmendra Singh,https://orcid.org/0000-0001-9708-8739,Vellore Institute of Technology University,2169-3536
Srivastava,Gautam,https://orcid.org/0000-0001-9851-4103,China Medical University; Brandon University,2169-3536
Baker,Thar,https://orcid.org/0000-0002-5166-4873,Liverpool John Moores University,2169-3536
Xia,Kun,NONE,University of Shanghai for Science and Technology,2169-3536
Huang,Jianguang,https://orcid.org/0000-0002-8946-5335,University of Shanghai for Science and Technology,2169-3536
Wang,Hanyu,https://orcid.org/0000-0002-2327-3234,University of Shanghai for Science and Technology,2169-3536
Zhang,Shen,https://orcid.org/0000-0002-1245-0565,Mitsubishi Electric (United States); Georgia Institute of Technology,2169-3536
Zhang,Shibo,https://orcid.org/0000-0003-3054-9590,Northwestern University,2169-3536
Wang,Bingnan,https://orcid.org/0000-0002-8710-2813,Mitsubishi Electric (United States),2169-3536
Habetler,T.G.,https://orcid.org/0000-0001-6598-2429,Georgia Institute of Technology,2169-3536
Ahmed,Nadeem,https://orcid.org/0000-0001-8169-040X,ORCID,2169-3536
Michelin,Regio A.,https://orcid.org/0000-0002-6758-1466,ORCID,2169-3536
Xue,Wanli,https://orcid.org/0000-0002-6000-7242,ORCID,2169-3536
Ruj,Sushmita,https://orcid.org/0000-0002-8698-6709,ORCID; Data61; Commonwealth Scientific and Industrial Research Organisation,2169-3536
Malaney,Robert,https://orcid.org/0000-0001-9672-5601,ORCID,2169-3536
Kanhere,Salil S.,https://orcid.org/0000-0002-1835-3475,ORCID,2169-3536
Seneviratne,Aruna,https://orcid.org/0000-0001-6894-7987,ORCID,2169-3536
Hu,Wen,https://orcid.org/0000-0002-4076-1811,ORCID,2169-3536
Janicke,Helge,https://orcid.org/0000-0002-1345-2829,ORCID,2169-3536
Jha,Sanjay,https://orcid.org/0000-0002-1844-1520,ORCID,2169-3536
Zhou,Qiheng,https://orcid.org/0000-0001-9242-8896,Sun Yat-sen University,2169-3536
Huang,Huawei,https://orcid.org/0000-0002-7035-6446,Sun Yat-sen University,2169-3536
Zheng,Zibin,https://orcid.org/0000-0002-7878-4330,Sun Yat-sen University,2169-3536
Bian,Jing,https://orcid.org/0000-0002-3015-7573,Sun Yat-sen University,2169-3536
Viswanathan,Harish,https://orcid.org/0000-0001-6144-7648,Nokia (United States),2169-3536
Mogensen,Preben,https://orcid.org/0000-0002-0710-8685,NONE,2169-3536
Le-Khac,Phuc H.,https://orcid.org/0000-0002-0504-5844,Dublin City University,2169-3536
Healy,Graham,https://orcid.org/0000-0001-6429-6339,Dublin City University,2169-3536
Smeaton,Alan F.,https://orcid.org/0000-0003-1028-8389,Dublin City University,2169-3536
Jamshidi,Mohammad,https://orcid.org/0000-0002-5312-6497,University of West Bohemia,2169-3536
Lalbakhsh,Ali,https://orcid.org/0000-0003-2033-0333,Macquarie University,2169-3536
Talla,Jakub,https://orcid.org/0000-0001-7828-8225,University of West Bohemia,2169-3536
Peroutka,Zdeněk,https://orcid.org/0000-0002-9400-4760,University of West Bohemia,2169-3536
Hadjilooei,Farimah,https://orcid.org/0000-0003-2127-5890,Tehran University of Medical Sciences,2169-3536
Lalbakhsh,Pedram,https://orcid.org/0000-0002-6115-6573,Razi University,2169-3536
Jamshidi,Morteza,https://orcid.org/0000-0001-5025-7670,Islamic Azad University of Kermanshah; Islamic Azad University Kerman,2169-3536
Spada,Luigi La,https://orcid.org/0000-0003-4923-1320,Edinburgh Napier University,2169-3536
Mirmozafari,Mirhamed,https://orcid.org/0000-0002-1151-2939,University of Wisconsin–Madison,2169-3536
Dehghani,Mojgan,NONE,Louisiana State University,2169-3536
Sabet,Asal,NONE,Texas A&M University – Kingsville,2169-3536
Roshani,Saeed,https://orcid.org/0000-0002-4024-2755,Islamic Azad University of Kermanshah; Islamic Azad University Kerman,2169-3536
Roshani,Sobhan,https://orcid.org/0000-0001-5088-499X,Islamic Azad University of Kermanshah; Islamic Azad University Kerman,2169-3536
Bayat-Makou,Nima,https://orcid.org/0000-0002-2030-981X,University of Toronto,2169-3536
Mohamadzade,Bahare,https://orcid.org/0000-0002-9909-7177,Macquarie University,2169-3536
Malek,Zahra,https://orcid.org/0000-0001-6306-3250,Islamic Azad University Medical Branch of Tehran,2169-3536
Jamshidi,Alireza,https://orcid.org/0000-0003-1736-5607,Kermanshah University of Medical Sciences,2169-3536
Kiani,Sara,https://orcid.org/0000-0002-3294-6103,Babol University of Medical Sciences,2169-3536
Hashemi‐Dezaki,Hamed,https://orcid.org/0000-0003-2056-2388,National University of Sciences and Technology,2169-3536
Mohyuddin,Wahab,https://orcid.org/0000-0002-7514-2463,University of West Bohemia,2169-3536
Taha,Abdelrahman,https://orcid.org/0000-0002-6046-6641,Arizona State University,2169-3536
Alrabeiah,Muhammad,https://orcid.org/0000-0001-7586-2631,Arizona State University,2169-3536
Alkhateeb,Ahmed,https://orcid.org/0000-0001-5648-1569,Arizona State University,2169-3536
Li,Li-Li,NONE,Shanxi Agricultural University,2169-3536
Zhang,Shujuan,https://orcid.org/0000-0002-2509-7975,Shanxi Agricultural University,2169-3536
Wang,Bin,https://orcid.org/0000-0003-4927-5075,Shanxi Agricultural University,2169-3536
Agrawal,Prachi,https://orcid.org/0000-0002-6492-3133,National Institute of Technology Hamirpur,2169-3536
Abutarboush,Hattan F.,https://orcid.org/0000-0003-3039-7849,Taibah University,2169-3536
Ganesh,Talari,https://orcid.org/0000-0003-4707-080X,National Institute of Technology Hamirpur,2169-3536
Mohamed,Ali Wagdy,https://orcid.org/0000-0002-5895-2632,Cairo University; Nile University,2169-3536
Ghosh,Pronab,https://orcid.org/0000-0002-5524-2328,Daffodil International University,2169-3536
Azam,Sami,https://orcid.org/0000-0001-7572-9750,Charles Darwin University,2169-3536
Jonkman,Mirjam,https://orcid.org/0000-0002-0396-8370,Charles Darwin University,2169-3536
Karim,Asif,https://orcid.org/0000-0001-8532-6816,Charles Darwin University,2169-3536
Shamrat,F. M. Javed Mehedi,https://orcid.org/0000-0001-9176-3537,Ministry of Local Government Rural Development and Co-operatives,2169-3536
Ignatious,Eva,https://orcid.org/0000-0001-6902-5976,Charles Darwin University,2169-3536
Shultana,Shahana,https://orcid.org/0000-0003-2493-4230,Daffodil International University,2169-3536
Beeravolu,Abhijith Reddy,NONE,Charles Darwin University,2169-3536
Boer,Friso De,https://orcid.org/0000-0003-4946-4175,Charles Darwin University,2169-3536
Lima,Carlos H. M. de,https://orcid.org/0000-0002-6852-7066,University of Oulu,2169-3536
Belot,Didier,NONE,CEA LETI; Commissariat à l'Énergie Atomique et aux Énergies Alternatives,2169-3536
Berkvens,Rafael,https://orcid.org/0000-0003-0064-5020,University of Antwerp,2169-3536
Bourdoux,André,https://orcid.org/0000-0002-9264-7850,IMEC,2169-3536
Dardari,Davide,https://orcid.org/0000-0002-5994-1310,University of Bologna,2169-3536
Guillaud,Maxime,https://orcid.org/0000-0002-4105-4537,Huawei Technologies (France),2169-3536
Isomursu,Minna,https://orcid.org/0000-0002-0161-1837,University of Oulu,2169-3536
Lohan,Elena Simona,https://orcid.org/0000-0003-1718-6924,Tampere University,2169-3536
Miao,Yang,https://orcid.org/0000-0003-4007-7478,University of Twente,2169-3536
Barreto,André Noll,https://orcid.org/0000-0002-0260-4137,Barkhausen Institute,2169-3536
Aziz,Muhammad Reza Kahar,https://orcid.org/0000-0002-4744-3891,Sumatera Institute of Technology,2169-3536
Saloranta,Jani,https://orcid.org/0000-0002-0553-6010,University of Oulu,2169-3536
Sanguanpuak,Tachporn,https://orcid.org/0000-0001-8371-7522,University of Oulu,2169-3536
Sarieddeen,Hadi,https://orcid.org/0000-0002-3050-4256,King Abdullah University of Science and Technology,2169-3536
Seco‐Granados,Gonzalo,https://orcid.org/0000-0003-2494-6872,Universitat Autònoma de Barcelona,2169-3536
Suutala,Jaakko,https://orcid.org/0000-0002-6605-0057,University of Oulu,2169-3536
Svensson,Tommy,https://orcid.org/0000-0002-2579-9002,Chalmers University of Technology,2169-3536
Valkama,Mikko,https://orcid.org/0000-0003-0361-0800,Tampere University,2169-3536
Liempd,Barend van,https://orcid.org/0000-0001-6877-8116,IMEC,2169-3536
Wymeersch,Henk,https://orcid.org/0000-0002-1298-6159,Chalmers University of Technology,2169-3536
Bhutta,Muhammad Nasir Mumtaz,https://orcid.org/0000-0001-5580-4282,King Faisal University,2169-3536
Khwaja,Amir A.,https://orcid.org/0000-0001-7174-3598,King Faisal University,2169-3536
Nadeem,Adnan,https://orcid.org/0000-0001-9622-150X,Islamic University of Madinah,2169-3536
Ahmad,Hafiz Farooq,https://orcid.org/0000-0002-8545-9771,King Faisal University,2169-3536
Khan,Muhammad Khurram,https://orcid.org/0000-0001-6636-0533,King Saud University,2169-3536
Hanif,Moataz,NONE,Embry–Riddle Aeronautical University,2169-3536
Song,Houbing,https://orcid.org/0000-0003-2631-9223,Embry–Riddle Aeronautical University,2169-3536
Alshamari,Majed,NONE,King Faisal University,2169-3536
Cao,Yue,https://orcid.org/0000-0002-2098-7637,Wuhan University,2169-3536
Weng,Weihao,https://orcid.org/0000-0002-0869-3409,University of Aizu,2169-3536
Zhu,Xin,https://orcid.org/0000-0002-4376-0806,University of Aizu,2169-3536
Wild,Thorsten,https://orcid.org/0000-0002-7545-7289,Nokia (Germany),2169-3536
Braun,Volker,NONE,Nokia (Germany),2169-3536
Viswanathan,Harish,https://orcid.org/0000-0001-6144-7648,Nokia (United States),2169-3536
Dehghani,Mohammad,https://orcid.org/0000-0002-4243-9658,University of Hradec Králové,2169-3536
Hubálovský,Štěpán,https://orcid.org/0000-0002-1570-222X,University of Hradec Králové,2169-3536
Trojovský,Pavel,https://orcid.org/0000-0001-8992-125X,University of Hradec Králové,2169-3536
Ishaq,Abid,https://orcid.org/0000-0002-9557-8889,Khwaja Fareed University of Engineering and Information Technology,2169-3536
Sadiq,Saima,https://orcid.org/0000-0002-2611-3738,Khwaja Fareed University of Engineering and Information Technology,2169-3536
Umer,Muhammad,https://orcid.org/0000-0002-6015-9326,Khwaja Fareed University of Engineering and Information Technology; Islamia University of Bahawalpur,2169-3536
Ullah,Saleem,https://orcid.org/0000-0003-3747-1263,Khwaja Fareed University of Engineering and Information Technology,2169-3536
Mirjalili,Seyedali,https://orcid.org/0000-0002-1443-9458,Yonsei University; Torrens University Australia; King Abdulaziz University,2169-3536
Rupapara,Vaibhav,NONE,Florida International University,2169-3536
Nappi,Michele,https://orcid.org/0000-0002-2517-2867,University of Salerno,2169-3536
Alsabah,Muntadher,https://orcid.org/0000-0001-7937-3093,University of Sheffield,2169-3536
Naser,Marwah Abdulrazzaq,https://orcid.org/0000-0001-5686-2759,University of Baghdad,2169-3536
Mahmmod,Basheera M.,https://orcid.org/0000-0002-4121-0843,University of Baghdad,2169-3536
Abdulhussain,Sadiq H.,https://orcid.org/0000-0002-6439-0082,University of Baghdad,2169-3536
Eissa,Mohammad R.,https://orcid.org/0000-0002-5584-5815,University of Sheffield,2169-3536
Al-Baidhani,Ahmed,https://orcid.org/0000-0002-4594-6006,NONE,2169-3536
Noordin,Nor Kamariah,https://orcid.org/0000-0002-0343-4862,Universiti Putra Malaysia,2169-3536
Sait,Sadiq M.,https://orcid.org/0000-0002-4796-0581,King Fahd University of Petroleum and Minerals,2169-3536
Al-Utaibi,Khaled A.,https://orcid.org/0000-0002-3965-5018,University of Ha'il,2169-3536
Hashim,Fazirul,NONE,Universiti Putra Malaysia,2169-3536
Onan,Aytuğ,https://orcid.org/0000-0002-9434-5880,Izmir Kâtip Çelebi University,2169-3536
Toçoğlu,Mansur Alp,https://orcid.org/0000-0003-1784-9003,Manisa Celal Bayar University,2169-3536
Rathore,M. Mazhar,https://orcid.org/0000-0002-0701-9850,Hamad bin Khalifa University; ORCID,2169-3536
Shah,Syed Attique,https://orcid.org/0000-0003-2949-7391,ORCID; University of Tartu,2169-3536
Shukla,Dhirendra,https://orcid.org/0000-0002-0036-714X,ORCID; University of New Brunswick,2169-3536
Bentafat,Elmahdi,https://orcid.org/0000-0001-9801-5582,Hamad bin Khalifa University,2169-3536
Bakiras,Spiridon,https://orcid.org/0000-0002-8964-0746,ORCID; Hamad bin Khalifa University,2169-3536
Rafi,Shafiul Hasan,https://orcid.org/0000-0002-1786-8637,NONE,2169-3536
Masood,Nahid‐Al,https://orcid.org/0000-0002-6821-8327,Bangladesh University of Engineering and Technology,2169-3536
Deeba,Shohana Rahman,https://orcid.org/0000-0003-2136-7330,North South University,2169-3536
Hossain,Eklas,https://orcid.org/0000-0003-2332-8095,Oregon Institute of Technology,2169-3536
Choi,Kukjin,https://orcid.org/0000-0002-2779-6569,Seoul National University,2169-3536
Yi,Jihun,https://orcid.org/0000-0001-5762-6643,Seoul National University,2169-3536
Park,Changhwa,https://orcid.org/0000-0002-6685-8072,Hyundai Motor Group (South Korea); Seoul National University,2169-3536
Yoon,Sungroh,https://orcid.org/0000-0002-2367-197X,Seoul National University,2169-3536
Mahesh,A,https://orcid.org/0000-0002-8306-109X,SRM Institute of Science and Technology,2169-3536
Bharatiraja,C.,https://orcid.org/0000-0003-2517-2119,SRM Institute of Science and Technology,2169-3536
Mihet‐Popa,Lucian,https://orcid.org/0000-0002-4556-2774,Østfold University College,2169-3536
Maseer,Ziadoon Kamil,https://orcid.org/0000-0002-2338-6650,Technical University of Malaysia Malacca,2169-3536
Yusof,Robiah,https://orcid.org/0000-0002-0582-7512,Technical University of Malaysia Malacca,2169-3536
Bahaman,Nazrulazhar,https://orcid.org/0000-0003-0549-900X,Technical University of Malaysia Malacca,2169-3536
Mostafa,Salama A.,https://orcid.org/0000-0001-5348-502X,Tun Hussein Onn University of Malaysia,2169-3536
Foozy,Cik Feresa Mohd,https://orcid.org/0000-0002-9085-6819,Tun Hussein Onn University of Malaysia,2169-3536
Saber,Abeer,https://orcid.org/0000-0002-9261-0927,Kafrelsheikh University,2169-3536
Sakr,Mohamed,NONE,Menoufia University,2169-3536
Abo-Seida,Osama M.,NONE,Kafrelsheikh University,2169-3536
Keshk,Arabi,https://orcid.org/0000-0002-8389-7989,Menoufia University,2169-3536
Chen,Huiling,https://orcid.org/0000-0002-7714-9693,Wenzhou University,2169-3536
Tang,Gang,https://orcid.org/0000-0002-8706-4431,Shanghai Maritime University,2169-3536
Tang,Congqiang,https://orcid.org/0000-0002-0282-1609,Shanghai Maritime University,2169-3536
Claramunt,Christophe,https://orcid.org/0000-0002-5586-1997,Institut de Recherche de l’École Navale; Shanghai Maritime University,2169-3536
Hu,Xiong,NONE,Shanghai Maritime University,2169-3536
Zhou,Peipei,https://orcid.org/0000-0002-6293-543X,Guangdong Polytechnic Normal University,2169-3536
Ullah,Imtiaz,https://orcid.org/0000-0002-2952-7215,University of Ontario Institute of Technology,2169-3536
Mahmoud,Qusay H.,https://orcid.org/0000-0003-0472-5757,University of Ontario Institute of Technology,2169-3536
Park,Sangmin,https://orcid.org/0000-0002-3484-9833,Korea University,2169-3536
Kim,Young‐Gab,https://orcid.org/0000-0001-9585-8808,Sejong University,2169-3536
Shami,Tareq M.,https://orcid.org/0000-0002-0159-4985,University of York,2169-3536
El‐Saleh,Ayman A.,https://orcid.org/0000-0003-4754-9271,College of Applied Sciences Nizwa,2169-3536
Alswaitti,Mohammed,https://orcid.org/0000-0003-0580-6954,Xiamen University Malaysia,2169-3536
Al-Tashi,Qasem,https://orcid.org/0000-0001-7208-693X,The University of Texas MD Anderson Cancer Center,2169-3536
Summakieh,Mhd Amen,https://orcid.org/0000-0002-5789-0337,Multimedia University,2169-3536
Mirjalili,Seyedali,https://orcid.org/0000-0002-1443-9458,Torrens University Australia; Yonsei University,2169-3536
Ferrag,Mohamed Amine,https://orcid.org/0000-0002-0632-3172,University of Guelma,2169-3536
Friha,Othmane,https://orcid.org/0000-0002-1160-2846,Badji Mokhtar University,2169-3536
Hamouda,Djallel,https://orcid.org/0000-0003-2168-4192,University of Guelma,2169-3536
Μαγλαράς,Λέανδρος,https://orcid.org/0000-0001-5360-9782,De Montfort University,2169-3536
Janicke,Helge,https://orcid.org/0000-0002-1345-2829,Edith Cowan University,2169-3536
Mienye,Ibomoiye Domor,https://orcid.org/0000-0001-9353-8894,University of Johannesburg,2169-3536
Sun,Yanxia,https://orcid.org/0000-0002-3455-9625,University of Johannesburg,2169-3536
Oyelade,Olaide N.,https://orcid.org/0000-0003-1252-0719,University of KwaZulu-Natal,2169-3536
Ezugwu,Absalom E.,https://orcid.org/0000-0002-3721-3400,University of KwaZulu-Natal,2169-3536
Mohamed,Tehnan I. A.,https://orcid.org/0000-0002-7793-7999,University of KwaZulu-Natal,2169-3536
Abualigah,Laith,https://orcid.org/0000-0002-2203-4549,Amman Arab University; Universiti Sains Malaysia,2169-3536
Breyer,Christian,https://orcid.org/0000-0002-7380-1816,Lappeenranta-Lahti University of Technology,2169-3536
Khalili,Siavash,https://orcid.org/0000-0002-4382-3168,Lappeenranta-Lahti University of Technology,2169-3536
Bogdanov,Dmitrii,https://orcid.org/0000-0001-7136-4803,Lappeenranta-Lahti University of Technology,2169-3536
Ram,Manish,https://orcid.org/0000-0001-5598-0817,Lappeenranta-Lahti University of Technology,2169-3536
Oyewo,Ayobami Solomon,https://orcid.org/0000-0001-5297-0103,Lappeenranta-Lahti University of Technology,2169-3536
Aghahosseini,Arman,https://orcid.org/0000-0002-6699-9043,Lappeenranta-Lahti University of Technology,2169-3536
Gulagi,Ashish,https://orcid.org/0000-0003-3440-1577,Lappeenranta-Lahti University of Technology,2169-3536
Solomon,A.A.,https://orcid.org/0000-0003-4611-9712,Lappeenranta-Lahti University of Technology,2169-3536
Keiner,Dominik,https://orcid.org/0000-0001-7653-5296,Lappeenranta-Lahti University of Technology,2169-3536
Lopez,Gabriel,https://orcid.org/0000-0002-8372-034X,Lappeenranta-Lahti University of Technology,2169-3536
Østergaard,Poul Alberg,https://orcid.org/0000-0002-6796-6526,Aalborg University,2169-3536
Lund,Henrik,https://orcid.org/0000-0002-4930-7885,Aalborg University,2169-3536
Mathiesen,Brian Vad,https://orcid.org/0000-0003-3917-1184,Aalborg University,2169-3536
Jacobson,Mark Z.,https://orcid.org/0000-0002-4315-4128,Stanford University,2169-3536
Victoria,Marta,https://orcid.org/0000-0003-1665-1281,Aarhus University,2169-3536
Teske,Sven,https://orcid.org/0000-0001-9582-2469,University of Technology Sydney,2169-3536
Pregger,Thomas,https://orcid.org/0000-0002-6728-7451,Deutsches Zentrum für Luft- und Raumfahrt e. V. (DLR),2169-3536
Fthenakis,Vasilis,https://orcid.org/0000-0001-8979-3366,Life Cycle Engineering (United States); Columbia University,2169-3536
Raugei,Marco,https://orcid.org/0000-0001-5026-8556,Oxford Brookes University; Life Cycle Engineering (United States); Columbia University,2169-3536
Holttinen,Hannele,https://orcid.org/0000-0003-1383-0735,University College Dublin,2169-3536
Bardi,Ugo,https://orcid.org/0000-0003-2240-2070,University of Florence,2169-3536
Hoekstra,Auke,https://orcid.org/0000-0001-9072-5280,Eindhoven University of Technology,2169-3536
Sovacool,Benjamin K.,https://orcid.org/0000-0002-4794-9403,University of Sussex; Aarhus University; Boston University,2169-3536
Tummala,Ayyarao S. L. V.,NONE,NONE,2169-3536
Ramakrishna,N. S. S.,NONE,NONE,2169-3536
Elavarasan,Rajvikram Madurai,NONE,NONE,2169-3536
Polumahanthi,Nishanth,NONE,Bharat Heavy Electricals (India),2169-3536
Rambabu,M.,NONE,NONE,2169-3536
Saini,Gaurav,https://orcid.org/0000-0001-9593-5180,Indian Institute of Engineering Science and Technology Shibpur,2169-3536
Khan,Baseem,https://orcid.org/0000-0003-1667-386X,Hawassa University,2169-3536
Alataş,Bilal,https://orcid.org/0000-0002-3513-0329,Fırat University,2169-3536
Marzouqi,Amina Al,https://orcid.org/0000-0003-3370-1818,University of Sharjah,2169-3536
Aburayya,Ahmad,https://orcid.org/0000-0002-1428-0547,Dubai Health Authority,2169-3536
Salloum,Said A.,https://orcid.org/0000-0002-6073-3981,University of Salford,2169-3536
Heydarian,Mohammadreza,https://orcid.org/0000-0001-7526-7955,McMaster University,2169-3536
Doyle,Thomas E.,https://orcid.org/0000-0003-1059-110X,McMaster University; Vector Institute,2169-3536
Samavi,Reza,https://orcid.org/0000-0001-6768-0168,Vector Institute; Toronto Metropolitan University,2169-3536
Lee,Joon-Woo,https://orcid.org/0000-0002-4125-6331,Seoul National University,2169-3536
Kang,HyungChul,https://orcid.org/0000-0001-5566-5358,Samsung (South Korea),2169-3536
Lee,Yongwoo,https://orcid.org/0000-0001-9424-6498,Samsung (South Korea),2169-3536
Choi,Woosuk,https://orcid.org/0009-0004-1588-7684,Samsung (South Korea),2169-3536
Eom,Jieun,https://orcid.org/0000-0002-1010-2698,Samsung (South Korea),2169-3536
Deryabin,Maxim,https://orcid.org/0000-0002-6761-3667,Samsung (South Korea),2169-3536
Lee,Eunsang,https://orcid.org/0000-0002-5270-2405,Seoul National University,2169-3536
Lee,Jung-Hyun,https://orcid.org/0000-0001-9476-3313,Seoul National University,2169-3536
Yoo,Donghoon,https://orcid.org/0000-0001-6997-2658,Samsung (South Korea),2169-3536
Kim,Young Sik,https://orcid.org/0000-0003-4114-4935,Chosun University,2169-3536
No,Jong‐Seon,https://orcid.org/0000-0002-3946-0958,Seoul National University,2169-3536
Kushwaha,Satpal Singh,https://orcid.org/0000-0002-4292-5066,Manipal University Jaipur,2169-3536
Joshi,Sandeep,https://orcid.org/0000-0001-9127-5947,Manipal University Jaipur,2169-3536
Singh,Dilbag,https://orcid.org/0000-0001-6475-4491,Gwangju Institute of Science and Technology,2169-3536
Kaur,Manjit,NONE,Gwangju Institute of Science and Technology,2169-3536
Lee,Heung-No,https://orcid.org/0000-0001-8528-5778,Gwangju Institute of Science and Technology,2169-3536
Trojovská,Eva,https://orcid.org/0000-0001-9901-5867,University of Hradec Králové,2169-3536
Dehghani,Mohammad,https://orcid.org/0000-0002-4243-9658,University of Hradec Králové,2169-3536
Trojovský,Pavel,https://orcid.org/0000-0001-8992-125X,University of Hradec Králové,2169-3536
Qazi,Sameer,https://orcid.org/0000-0003-3332-889X,Karachi Institute of Economics and Technology,2169-3536
Khawaja,Bilal A.,https://orcid.org/0000-0003-1537-5502,Islamic University of Madinah,2169-3536
Farooq,Qazi Umar,https://orcid.org/0000-0003-3393-6617,Islamic University of Madinah,2169-3536
Rana,Md. Shohel,https://orcid.org/0000-0001-6626-4189,University of Southern Mississippi; Northern Kentucky University,2169-3536
Nobi,Mohammad Nur,https://orcid.org/0000-0002-2974-552X,The University of Texas at San Antonio,2169-3536
Murali,Beddhu,NONE,University of Southern Mississippi,2169-3536
Sung,Andrew H.,https://orcid.org/0009-0005-0815-3102,University of Southern Mississippi,2169-3536
Saraswat,Deepti,https://orcid.org/0000-0001-7966-398X,Nirma University,2169-3536
Bhattacharya,Pronaya,https://orcid.org/0000-0002-1206-2298,Nirma University,2169-3536
Verma,Ashwin,https://orcid.org/0000-0001-8904-228X,Nirma University,2169-3536
Prasad,Vivek Kumar,https://orcid.org/0000-0003-4942-8094,Nirma University,2169-3536
Tanwar,Sudeep,https://orcid.org/0000-0002-1776-4651,Nirma University,2169-3536
Sharma,Gulshan,https://orcid.org/0000-0002-4726-0956,University of Johannesburg,2169-3536
Bokoro,Pitshou N.,https://orcid.org/0000-0002-9178-2700,University of Johannesburg,2169-3536
Sharma,Ravi,https://orcid.org/0000-0002-8584-9753,University of Petroleum and Energy Studies,2169-3536
Mehmood,Shahid,https://orcid.org/0000-0002-5545-6668,Riphah International University,2169-3536
Ghazal,Taher M.,https://orcid.org/0000-0003-0672-7924,Skyline University College; National University of Malaysia,2169-3536
Khan,Muhammad Adnan,https://orcid.org/0000-0003-4854-9935,Gachon University; Riphah International University,2169-3536
Zubair,Muhammad,https://orcid.org/0000-0003-3999-6581,Riphah International University,2169-3536
Naseem,Muhammad Tahir,https://orcid.org/0000-0001-6659-097X,Yeungnam University; Riphah International University,2169-3536
Faiz,Tauqeer,https://orcid.org/0000-0002-1641-9813,Skyline University College,2169-3536
Ahmad,Munir,https://orcid.org/0000-0002-5240-0984,National College of Business Administration and Economics,2169-3536
Bansal,Gaurang,https://orcid.org/0000-0003-2272-0941,National University of Singapore,2169-3536
Rajgopal,Karthik,https://orcid.org/0000-0001-7250-5743,Birla Institute of Technology and Science Pilani,2169-3536
Chamola,Vinay,https://orcid.org/0000-0002-6730-3060,Birla Institute of Technology and Science Pilani,2169-3536
Xiong,Zehui,https://orcid.org/0000-0002-4440-941X,Singapore University of Technology and Design,2169-3536
Niyato,Dusit,https://orcid.org/0000-0002-7442-7416,Nanyang Technological University,2169-3536
Chen,Daoquan,https://orcid.org/0000-0003-0738-3254,Zhejiang Institute of Mechanical and Electrical Engineering,2169-3536
Hong,Wei-Cong,https://orcid.org/0000-0001-6983-6373,NONE,2169-3536
Zhou,Xiuze,https://orcid.org/0000-0002-0717-6936,NONE,2169-3536
Ahmed,Usama,https://orcid.org/0000-0001-7199-600X,Riphah International University; Virtual University of Pakistan,2169-3536
Issa,Ghassan F.,https://orcid.org/0000-0001-9509-1344,Skyline University College,2169-3536
Khan,Muhammad Adnan,https://orcid.org/0000-0003-4854-9935,Gachon University; Riphah International University,2169-3536
Aftab,Shabib,https://orcid.org/0000-0002-7662-1394,National College of Business Administration and Economics; Virtual University of Pakistan,2169-3536
Khan,Muhammad Farhan,https://orcid.org/0000-0002-9045-895X,University of Health Sciences Lahore,2169-3536
Said,Raed A. T.,NONE,Canadian University of Dubai,2169-3536
Ghazal,Taher M.,https://orcid.org/0000-0003-0672-7924,Skyline University College; National University of Malaysia,2169-3536
Ahmad,Munir,https://orcid.org/0000-0002-5240-0984,National College of Business Administration and Economics,2169-3536
Shah,Hasnain Ali,https://orcid.org/0000-0001-5325-9014,Kyungpook National University,2169-3536
Saeed,Faisal,https://orcid.org/0000-0002-8453-3319,Kyungpook National University,2169-3536
Yun,Sangseok,https://orcid.org/0000-0002-7961-1394,Pukyong National University,2169-3536
Park,Jun‐Hyun,https://orcid.org/0000-0001-8510-0569,Kyungpook National University,2169-3536
Paul,Anand,https://orcid.org/0000-0002-0737-2021,Kyungpook National University,2169-3536
Kang,Jae‐Mo,https://orcid.org/0000-0002-8181-5994,Kyungpook National University,2169-3536
Chengoden,Rajeswari,https://orcid.org/0000-0001-6536-8402,Vellore Institute of Technology University,2169-3536
Victor,Nancy,https://orcid.org/0000-0002-0640-5768,Vellore Institute of Technology University,2169-3536
Huynh‐The,Thien,https://orcid.org/0000-0002-9172-2935,Ho Chi Minh City University of Technology and Education,2169-3536
Yenduri,Gokul,https://orcid.org/0000-0001-9146-8378,Vellore Institute of Technology University,2169-3536
Jhaveri,Rutvij H.,https://orcid.org/0000-0002-3285-7346,Pandit Deendayal Petroleum University,2169-3536
Alazab,Mamoun,https://orcid.org/0000-0002-1928-3704,Charles Darwin University,2169-3536
Bhattacharya,Sweta,https://orcid.org/0000-0002-6082-164X,Vellore Institute of Technology University,2169-3536
Hegde,Pawan,https://orcid.org/0000-0003-4113-6652,Vellore Institute of Technology University,2169-3536
Maddikunta,Praveen Kumar Reddy,https://orcid.org/0000-0003-4209-2495,Vellore Institute of Technology University,2169-3536
Gadekallu,Thippa Reddy,https://orcid.org/0000-0003-0097-801X,Vellore Institute of Technology University; Lebanese American University,2169-3536
Gupta,Maanak,https://orcid.org/0000-0001-9189-2478,Tennessee Technological University,2169-3536
Akiri,Charankumar,NONE,Tennessee Technological University,2169-3536
Aryal,Kshitiz,https://orcid.org/0000-0001-8000-1086,Tennessee Technological University,2169-3536
Parker,Eli,NONE,Tennessee Technological University,2169-3536
Praharaj,Lopamudra,NONE,Tennessee Technological University,2169-3536
Shoufan,Abdulhadi,https://orcid.org/0000-0002-3968-8637,Khalifa University of Science and Technology,2169-3536
Kreuzberger,Dominik,NONE,Karlsruhe Institute of Technology,2169-3536
Kühl,Niklas,https://orcid.org/0000-0001-6750-0876,Karlsruhe Institute of Technology,2169-3536
Hirschl,Sebastian,NONE,IBM (Germany),2169-3536
Acharige,Sithara S. G.,https://orcid.org/0000-0001-5287-6651,Deakin University,2169-3536
Haque,M. E.,https://orcid.org/0000-0002-8893-2181,Deakin University,2169-3536
Arif,Mohammad Taufiqul,https://orcid.org/0000-0001-8071-3235,Deakin University,2169-3536
Hosseinzadeh,Nasser,https://orcid.org/0000-0002-8755-1176,Deakin University,2169-3536
Hasan,Kazi N.,https://orcid.org/0000-0002-7315-5754,RMIT University,2169-3536
Oo,Amanullah M. T.,https://orcid.org/0000-0002-6914-2272,Deakin University,2169-3536
Ritterbusch,Georg David,https://orcid.org/0000-0001-9151-5074,University of Potsdam,2169-3536
Teichmann,Malte,https://orcid.org/0000-0002-9979-4300,Weizenbaum Institute; University of Potsdam,2169-3536
Alexan,Wassim,https://orcid.org/0000-0001-6159-4971,German University in Cairo,2169-3536
Elkandoz,Marwa Tarek,NONE,German University in Cairo,2169-3536
Mashaly,Maggie,https://orcid.org/0000-0002-8313-5554,German University in Cairo,2169-3536
Azab,Eman,https://orcid.org/0000-0002-5558-6948,German University in Cairo,2169-3536
Aboshousha,Amr,NONE,German University in Cairo; Cairo University,2169-3536
Ye,Yang,https://orcid.org/0000-0003-0101-5290,University of Florida,2169-3536
You,Hengxu,https://orcid.org/0000-0003-2594-3905,University of Florida,2169-3536
Du,Jing,https://orcid.org/0000-0002-0481-4875,University of Florida,2169-3536
Truong,Vu Tuan,https://orcid.org/0009-0003-3072-7905,Institut National de la Recherche Scientifique,2169-3536
Le,Long Bao,https://orcid.org/0000-0003-3577-6530,Institut National de la Recherche Scientifique,2169-3536
Niyato,Dusit,https://orcid.org/0000-0002-7442-7416,Nanyang Technological University,2169-3536
Villarreal,Edgar Roberto Dulce,https://orcid.org/0000-0003-1995-6718,University of Cauca,2169-3536
García‐Alonso,José,https://orcid.org/0000-0002-6819-0299,Universidad de Extremadura,2169-3536
Moguel,Enrique,https://orcid.org/0000-0002-4096-1282,Centro Tecnológico Agroalimentario de Extremadura; Centro Extremeño de iNvestigaciónInnovación Tecnológica y Supercomputación,2169-3536
Alegría,Julio Ariel Hurtado,https://orcid.org/0000-0002-2508-0962,University of Cauca,2169-3536
Gulzar,Muhammad Majid,https://orcid.org/0000-0002-1091-3087,King Fahd University of Petroleum and Minerals,2169-3536
Iqbal,Ayesha,https://orcid.org/0000-0001-5962-7615,University of Central Punjab,2169-3536
Sibtain,Daud,https://orcid.org/0000-0002-5231-1551,Harbin Electric Corporation (China); University of Central Punjab,2169-3536
Khalid,Muhammad,https://orcid.org/0000-0001-7779-5348,King Fahd University of Petroleum and Minerals,2169-3536
Shamrat,F. M. Javed Mehedi,https://orcid.org/0000-0001-9176-3537,Daffodil International University,2169-3536
Akter,Shamima,https://orcid.org/0000-0001-9119-5197,George Mason University,2169-3536
Azam,Sami,https://orcid.org/0000-0001-7572-9750,Charles Darwin University,2169-3536
Karim,Asif,https://orcid.org/0000-0001-8532-6816,Charles Darwin University,2169-3536
Ghosh,Pronab,https://orcid.org/0000-0002-5524-2328,Lakehead University,2169-3536
Tasnim,Zarrin,https://orcid.org/0000-0002-5962-8455,Daffodil International University,2169-3536
Hasib,Khan Md.,https://orcid.org/0000-0001-6504-4192,Ahsanullah University of Science and Technology,2169-3536
Boer,Friso De,https://orcid.org/0000-0003-4946-4175,Charles Darwin University,2169-3536
Ahmed,Kawsar,https://orcid.org/0000-0002-4034-9819,University of Saskatchewan,2169-3536
Solanki,Shubhangi,https://orcid.org/0000-0003-0051-7061,NONE,2169-3536
Singh,Uday Pratap,https://orcid.org/0000-0003-2077-0793,Shri Mata Vaishno Devi University,2169-3536
Chouhan,Siddharth Singh,https://orcid.org/0000-0003-3787-1857,Barkatullah University,2169-3536
Jain,Sanjeev,https://orcid.org/0000-0003-1574-0522,Central University of Jammu,2169-3536
Maddigan,Paula,NONE,Massey University,2169-3536
Sušnjak,Teo,https://orcid.org/0000-0001-9416-1435,Massey University,2169-3536
Kumar,R. Ranjith,https://orcid.org/0000-0003-2809-948X,Anna University Chennai,2169-3536
Bharatiraja,C.,https://orcid.org/0000-0003-2517-2119,SRM Institute of Science and Technology,2169-3536
Udhayakumar,K.,NONE,Anna University Chennai,2169-3536
Devakirubakaran,S.,NONE,SRM Institute of Science and Technology,2169-3536
Sekar,K. Sathiya,NONE,KPR Institute of Engineering and Technology,2169-3536
Mihet‐Popa,Lucian,https://orcid.org/0000-0002-4556-2774,Østfold University College,2169-3536
Ibrahim,Mohammad Haziq,https://orcid.org/0000-0002-7456-8884,Universiti Teknologi Brunei,2169-3536
Ang,Swee Peng,https://orcid.org/0000-0002-8087-9953,Universiti Teknologi Brunei,2169-3536
Dani,Muhammad Norfauzi,https://orcid.org/0000-0001-5686-4471,Universiti Teknologi Brunei,2169-3536
Rahman,M. I.,NONE,Ministry of Education; Brunei Polytechnic,2169-3536
Petra,Rafidah,https://orcid.org/0000-0002-2562-7227,Universiti Teknologi Brunei,2169-3536
Mohammed,S. Sheik,NONE,Universiti Teknologi Brunei,2169-3536
Quý,Vũ Khánh,https://orcid.org/0000-0002-0242-5606,Hung Yen University of Technology and Education,2169-3536
Chehri,Abdellah,https://orcid.org/0000-0002-4193-6062,Royal Military College of Canada,2169-3536
Quý,Nguyễn Minh,https://orcid.org/0000-0002-2308-795X,Hung Yen University of Technology and Education,2169-3536
Hân,Nguyễn Đình,https://orcid.org/0000-0001-8176-910X,Hanoi University of Science and Technology,2169-3536
Ban,Nguyễn Tiến,https://orcid.org/0009-0009-1046-4275,Posts and Telecommunications Institute of Technology; Vietnam Posts and Telecommunications Group (Vietnam),2169-3536
Mridha,Krishna,https://orcid.org/0000-0002-2238-1516,Marwadi University,2169-3536
Uddin,Md. Mezbah,https://orcid.org/0009-0002-0441-8722,Marwadi University,2169-3536
Shin,Jungpil,https://orcid.org/0000-0002-7476-2468,University of Aizu,2169-3536
Khadka,Susan,https://orcid.org/0009-0007-2696-9804,Marwadi University,2169-3536
Mridha,M. F.,https://orcid.org/0000-0001-5738-1631,American International University-Bangladesh,2169-3536
Abadade,Youssef,NONE,Université Ibn-Tofail,2169-3536
Temouden,Anas,https://orcid.org/0009-0004-7218-1557,Al Akhawayn University,2169-3536
Bamoumen,Hatim,NONE,Al Akhawayn University,2169-3536
Benamar,Nabil,https://orcid.org/0000-0002-1804-6977,Al Akhawayn University; Université Moulay Ismail de Meknes,2169-3536
Chtouki,Yousra,https://orcid.org/0000-0002-1569-4768,Al Akhawayn University,2169-3536
Hafid,Abdelhakim,https://orcid.org/0000-0001-8597-7344,Université de Montréal,2169-3536
Crothers,Evan,https://orcid.org/0000-0001-6177-0525,University of Ottawa,2169-3536
Japkowicz,Nathalie,https://orcid.org/0000-0003-1176-1617,American University,2169-3536
Viktor,Herna L.,https://orcid.org/0000-0003-1914-5077,University of Ottawa,2169-3536
Vemprala,Sai,https://orcid.org/0000-0001-7554-5417,NONE,2169-3536
Bonatti,Rogerio,https://orcid.org/0000-0003-3015-9613,Microsoft (United States),2169-3536
Bucker,Arthur,NONE,Carnegie Mellon University,2169-3536
Kapoor,Ashish,https://orcid.org/0009-0004-3764-8449,NONE,2169-3536
Luo,Ji,NONE,Shanghai Polytechnic University,2169-3536
Zhuo,Wuyang,https://orcid.org/0009-0007-5463-6302,Shanghai Polytechnic University,2169-3536
Liu,Siyan,https://orcid.org/0000-0002-5091-7031,People's Bank of China,2169-3536
Xu,Bingfei,NONE,Bank of China,2169-3536
Hussain,Muhammad,https://orcid.org/0000-0001-8458-6202,University of Huddersfield,2169-3536
Sai,Siva,https://orcid.org/0000-0003-0927-9370,Birla Institute of Technology and Science Pilani,2169-3536
Gaur,Aanchal,https://orcid.org/0009-0000-9734-3525,NONE,2169-3536
Sai,Revant,NONE,Birla Institute of Technology and Science Pilani,2169-3536
Chamola,Vinay,https://orcid.org/0000-0002-6730-3060,Birla Institute of Technology and Science Pilani,2169-3536
Guizani,Mohsen,https://orcid.org/0000-0002-8972-8094,Mohamed bin Zayed University of Artificial Intelligence,2169-3536
Rodrigues,Joel J. P. C.,https://orcid.org/0000-0001-8657-3800,NONE,2169-3536
Ozkan-Okay,Merve,https://orcid.org/0000-0002-1071-2541,Ankara University,2169-3536
Akin,Erdal,https://orcid.org/0000-0002-2223-3927,Bitlis Eren University,2169-3536
Aslan,Ömer,https://orcid.org/0000-0003-0737-1966,NONE,2169-3536
Koşunalp,Selahattin,https://orcid.org/0000-0003-2899-4679,NONE,2169-3536
Iliev,Teodor,https://orcid.org/0000-0003-2214-8092,Angel Kanchev University of Ruse,2169-3536
Stoyanov,Ivaylo,https://orcid.org/0000-0001-9824-1504,Angel Kanchev University of Ruse,2169-3536
Beloev,Ivan,https://orcid.org/0000-0003-2014-1970,Angel Kanchev University of Ruse,2169-3536
Yan,Peng,https://orcid.org/0009-0006-0236-4707,ZHAW Zurich University of Applied Sciences,2169-3536
Abdulkadir,Ahmed,https://orcid.org/0000-0003-4679-8081,ZHAW Zurich University of Applied Sciences,2169-3536
Luley,Paul-Philipp,https://orcid.org/0009-0007-0851-665X,ZHAW Zurich University of Applied Sciences,2169-3536
Rosenthal,Matthias,https://orcid.org/0000-0002-7577-783X,ZHAW Zurich University of Applied Sciences,2169-3536
Schatte,Gerrit A.,https://orcid.org/0009-0002-5760-9346,Kistler (Switzerland),2169-3536
Grewe,Benjamin F.,https://orcid.org/0000-0001-8560-2120,University of Zurich,2169-3536
Stadelmann,Thilo,https://orcid.org/0000-0002-3784-0420,ZHAW Zurich University of Applied Sciences,2169-3536
Bird,Jordan J.,https://orcid.org/0000-0002-9858-1231,Nottingham Trent University,2169-3536
Lotfi,Ahmad,https://orcid.org/0000-0002-5139-6565,Nottingham Trent University,2169-3536
Khaliq,Afshan,https://orcid.org/0000-0002-5400-191X,Hangzhou City University; Zhejiang Normal University,2169-3536
Zhou,Xinyi,https://orcid.org/0009-0009-6716-8354,Hangzhou City University,2169-3536
Chai,Hongyu,NONE,Institute of Semiconductors; Chinese Academy of Sciences,2169-3536
Ali,Munir,https://orcid.org/0000-0002-9558-0946,Hangzhou City University; Zhejiang University,2169-3536
Wu,Hao,https://orcid.org/0000-0001-5128-1306,Zhejiang University; Hangzhou City University,2169-3536
Gassab,Oussama,https://orcid.org/0000-0003-1808-3257,Hangzhou City University; Zhejiang University,2169-3536
Liu,Hong,https://orcid.org/0000-0001-8688-7041,Hangzhou City University,2169-3536
Xiao,Duo,https://orcid.org/0009-0004-3308-1131,Hangzhou City University,2169-3536
Yang,Xiaoguang,https://orcid.org/0000-0003-2265-4251,Institute of Semiconductors; Chinese Academy of Sciences,2169-3536
Du,Sichao,https://orcid.org/0000-0003-3060-5759,Hangzhou City University; Zhejiang University,2169-3536
Sambas,Aceng,https://orcid.org/0009-0009-9907-5259,Sultan Zainal Abidin University,2169-3536
Mahdal,Miroslav,https://orcid.org/0000-0002-9720-2201,VSB - Technical University of Ostrava,2169-3536
Vaıdyanathan,Sundarapandian,https://orcid.org/0000-0003-4696-908X,Vel Tech Rangarajan Dr. Sagunthala R&D Institute of Science and Technology,2169-3536
Ovilla-Martínez,Brisbane,https://orcid.org/0000-0002-2861-8633,Instituto Politécnico Nacional,2169-3536
Tlelo‐Cuautle,Esteban,https://orcid.org/0000-0001-7187-4686,National Institute of Astrophysics Optics and Electronics,2169-3536
El‐Latif,Ahmed A. Abd,https://orcid.org/0000-0002-5068-2033,Prince Sultan University; Sultan Zainal Abidin University; Menoufia University,2169-3536
Abd-El-Atty,Bassem,https://orcid.org/0000-0003-4739-0037,NONE,2169-3536
Benkouide,Khaled,NONE,Badji Mokhtar University,2169-3536
Bonny,Talal,https://orcid.org/0000-0003-1111-0304,University of Sharjah,2169-3536
Atakishiyev,Shahin,https://orcid.org/0000-0002-3666-4656,University of Alberta,2169-3536
Salameh,Mohammad,https://orcid.org/0000-0001-9266-4637,Huawei Technologies (Canada),2169-3536
Yao,Hengshuai,https://orcid.org/0000-0003-1258-1845,NONE,2169-3536
Goebel,Randy,https://orcid.org/0000-0002-0739-2946,University of Alberta,2169-3536
Saleh,Hadeel M.,NONE,University of Anbar,2169-3536
Marouane,Hend,NONE,University of Sfax,2169-3536
Fakhfakh,Ahmed,https://orcid.org/0009-0005-3219-2371,Digital Research Centre of Sfax,2169-3536
Banafaa,Mohammed,https://orcid.org/0000-0002-7239-2571,King Fahd University of Petroleum and Minerals,2169-3536
Pepeoğlu,Ömer,https://orcid.org/0000-0002-6626-0054,Technical University of Munich,2169-3536
Shayea,Ibraheem,https://orcid.org/0000-0003-0957-4468,Istanbul Technical University,2169-3536
Alhammadi,Abdulraqeb,https://orcid.org/0000-0003-0778-1869,University of Technology Malaysia,2169-3536
Shamsan,Zaid Ahmed,https://orcid.org/0000-0002-8139-0711,Imam Mohammad ibn Saud Islamic University,2169-3536
Razaz,Muneef A.,NONE,King Fahd University of Petroleum and Minerals,2169-3536
Alsagabi,Majid,NONE,Imam Mohammad ibn Saud Islamic University,2169-3536
Al-Sowayan,S.,NONE,Imam Mohammad ibn Saud Islamic University,2169-3536
Alexan,Wassim,https://orcid.org/0000-0001-6159-4971,German University in Cairo,2169-3536
El-Damak,Dina,https://orcid.org/0000-0001-7530-498X,German University in Cairo,2169-3536
Gabr,Mohamed,https://orcid.org/0000-0003-3690-9585,German University in Cairo,2169-3536
Rahad,Rummanur,NONE,BRAC University,2169-3536
Mohsin,Abu S. M.,https://orcid.org/0000-0001-9281-9088,BRAC University,2169-3536
Bhuian,Mohammed Belal Hossain,NONE,BRAC University,2169-3536
Rahman,Md. Mosaddequr,https://orcid.org/0000-0001-9004-6237,BRAC University,2169-3536
Ferrag,Mohamed Amine,https://orcid.org/0000-0002-0632-3172,Technology Innovation Institute,2169-3536
Ndhlovu,Mthandazo,https://orcid.org/0000-0003-0474-9548,Technology Innovation Institute,2169-3536
Tihanyi,Norbert,https://orcid.org/0000-0002-9002-5935,Technology Innovation Institute,2169-3536
Cordeiro,Lucas C.,https://orcid.org/0000-0002-6235-4272,University of Manchester; Universidade Federal do Amazonas,2169-3536
Debbah,Mérouane,https://orcid.org/0000-0001-8941-8080,Khalifa University of Science and Technology,2169-3536
Lestable,Thierry,NONE,Technology Innovation Institute,2169-3536
Thandi,Narinderjit Singh,NONE,Technology Innovation Institute,2169-3536
Li,Sai,https://orcid.org/0009-0007-4704-8254,Zaozhuang University,2169-3536
Peng,Kou,https://orcid.org/0009-0005-5697-1804,Liupanshui Normal University,2169-3536
Ma,Miao,https://orcid.org/0009-0005-4274-5849,UNSW Sydney,2169-3536
Yang,Haoyu,https://orcid.org/0009-0000-8337-6406,Georgia Institute of Technology,2169-3536
Huang,Shuo,https://orcid.org/0009-0004-8495-4406,Shanghai Institute of Technical Physics; Chinese Academy of Sciences,2169-3536
Yang,Zhengyi,https://orcid.org/0000-0003-1772-6863,UNSW Sydney,2169-3536
Golda,Abenezer,https://orcid.org/0009-0005-8896-8992,KIIT University,2169-3536
Mekonen,Kidus,NONE,KIIT University,2169-3536
Pandey,Amit,https://orcid.org/0000-0001-5767-6333,Bennett University,2169-3536
Singh,Anushka,https://orcid.org/0009-0003-0274-808X,KIIT University,2169-3536
Hassija,Vikas,https://orcid.org/0009-0003-9023-1661,KIIT University,2169-3536
Chamola,Vinay,https://orcid.org/0000-0002-6730-3060,Birla Institute of Technology and Science Pilani,2169-3536
Sikdar,Biplab,https://orcid.org/0000-0002-0084-4647,National University of Singapore,2169-3536
Ragab,Mohammed Gamal,https://orcid.org/0000-0001-5226-4962,Universiti Teknologi Petronas,2169-3536
Abdulkadir,Said Jadid,https://orcid.org/0000-0003-0038-3702,Universiti Teknologi Petronas,2169-3536
Muneer,Amgad,https://orcid.org/0000-0002-7157-3020,Universiti Teknologi Petronas,2169-3536
Alqushaibi,Alawi,NONE,Universiti Teknologi Petronas,2169-3536
Sumiea,Ebrahim Hamid,https://orcid.org/0000-0002-2829-0842,Universiti Teknologi Petronas,2169-3536
Qureshi,Rizwan,https://orcid.org/0000-0002-0039-982X,National University of Computer and Emerging Sciences,2169-3536
Al-Selwi,Safwan Mahmood,https://orcid.org/0009-0000-2742-213X,Universiti Teknologi Petronas,2169-3536
Alhussian,Hitham,https://orcid.org/0000-0003-3947-269X,Universiti Teknologi Petronas,2169-3536
Hashmi,Ehtesham,https://orcid.org/0009-0000-2526-9899,Norwegian University of Science and Technology,2169-3536
Yayilgan,Sule Yildirim,https://orcid.org/0000-0002-1982-6609,Norwegian University of Science and Technology,2169-3536
Yamin,Muhammad Mudassar,https://orcid.org/0000-0001-5264-7613,Norwegian University of Science and Technology,2169-3536
Ali,Subhan,https://orcid.org/0009-0009-5352-0468,Norwegian University of Science and Technology,2169-3536
Abomhara,Mohamed,https://orcid.org/0000-0001-9151-7694,Norwegian University of Science and Technology,2169-3536
Сумбатович,Акопов Андраник,https://orcid.org/0000-0003-0627-3037,Central Economics and Mathematics Institute; Moscow Institute of Physics and Technology,2169-3536
Beklaryan,L. A.,https://orcid.org/0000-0001-5695-4450,Central Economics and Mathematics Institute; Moscow Institute of Physics and Technology,2169-3536
